Year,State,corn_yield_bu_acre,avg_temp_growing,total_rain_growing
2000,ALABAMA,65.0,24.488333333333333,12.83
2001,ALABAMA,107.0,22.758333333333336,22.849999999999998
2002,ALABAMA,88.0,24.525000000000002,19.07
2003,ALABAMA,122.0,22.995,31.73
2004,ALABAMA,123.0,23.205,22.15
2005,ALABAMA,119.0,23.218333333333334,26.54
2006,ALABAMA,72.0,24.418333333333333,16.72
2007,ALABAMA,78.0,24.570000000000004,12.95
2008,ALABAMA,104.0,23.483333333333334,23.11
2009,ALABAMA,108.0,22.945000000000004,29.66
2010,ALABAMA,115.0,24.80666666666667,19.77
2011,ALABAMA,114.0,24.366666666666664,19.36
2012,ALABAMA,98.0,23.945000000000004,20.62
2013,ALABAMA,147.0,22.616666666666664,25.13
2014,ALABAMA,159.0,23.14833333333333,21.28
2015,ALABAMA,147.0,23.84,21.54
2016,ALABAMA,120.0,24.27,16.59
2017,ALABAMA,167.0,23.28333333333333,28.44
2018,ALABAMA,156.0,23.973333333333333,25.11
2019,ALABAMA,147.0,24.755,17.06
2020,ALABAMA,158.0,23.031666666666666,20.5
2021,ALABAMA,163.0,22.92833333333333,25.72
2022,ALABAMA,118.0,23.858333333333334,21.78
2023,ALABAMA,164.0,23.923333333333332,19.64
2024,ALABAMA,112.0,24.721666666666668,20.84
2025,ALABAMA,157.0,24.39,25.16
2000,ARIZONA,196.0,27.135,3.28
2001,ARIZONA,208.0,26.448333333333334,5.73
2002,ARIZONA,185.0,27.008333333333336,3.1100000000000003
2003,ARIZONA,190.0,26.156666666666666,3.9299999999999997
2004,ARIZONA,180.0,25.933333333333334,5.21
2005,ARIZONA,195.0,25.78333333333333,4.140000000000001
2006,ARIZONA,170.0,25.861666666666668,5.59
2007,ARIZONA,185.0,26.298333333333332,5.34
2008,ARIZONA,165.0,25.040000000000003,7.37
2009,ARIZONA,175.0,26.14,4.4
2010,ARIZONA,210.0,25.400000000000002,5.140000000000001
2011,ARIZONA,178.0,26.266666666666666,4.29
2012,ARIZONA,195.0,26.621666666666666,5.32
2013,ARIZONA,177.0,26.281666666666666,4.6
2014,ARIZONA,210.0,26.02333333333333,7.02
2015,ARIZONA,210.0,26.106666666666666,4.89
2016,ARIZONA,215.0,26.28833333333333,3.96
2017,ARIZONA,195.0,26.540000000000003,3.4600000000000004
2018,ARIZONA,220.0,27.56833333333333,3.9699999999999998
2019,ARIZONA,231.0,26.19666666666667,3.3
2020,ARIZONA,202.0,27.756666666666664,1.04
2021,ARIZONA,181.0,26.906666666666666,7.84
2022,ARIZONA,220.0,27.126666666666665,5.77
2023,ARIZONA,206.0,27.155,1.96
2024,ARIZONA,225.0,27.724999999999998,2.5100000000000002
2000,ARKANSAS,130.0,24.74,15.200000000000001
2001,ARKANSAS,145.0,24.291666666666668,13.94
2002,ARKANSAS,134.0,23.808333333333334,15.46
2003,ARKANSAS,140.0,23.063333333333333,22.07
2004,ARKANSAS,140.0,23.064999999999998,18.65
2005,ARKANSAS,131.0,24.496666666666666,16.02
2006,ARKANSAS,146.0,24.478333333333335,18.2
2007,ARKANSAS,169.0,23.425,19.55
2008,ARKANSAS,152.0,22.558333333333334,30.27
2009,ARKANSAS,148.0,22.026666666666667,35.74
2010,ARKANSAS,150.0,25.123333333333335,18.5
2011,ARKANSAS,141.0,24.501666666666665,25.16
2012,ARKANSAS,178.0,25.108333333333334,14.03
2013,ARKANSAS,186.0,23.39833333333333,17.45
2014,ARKANSAS,187.0,22.688333333333333,20.79
2015,ARKANSAS,181.0,23.743333333333336,24.79
2016,ARKANSAS,171.0,23.828333333333333,22.4
2017,ARKANSAS,183.0,23.30666666666667,25.7
2018,ARKANSAS,181.0,23.91,23.61
2019,ARKANSAS,175.0,23.95,29.41
2020,ARKANSAS,184.0,22.386666666666667,30.630000000000003
2021,ARKANSAS,184.0,23.231666666666666,21.76
2022,ARKANSAS,173.0,24.218333333333334,20.59
2023,ARKANSAS,183.0,24.271666666666665,17.62
2024,ARKANSAS,187.0,24.311666666666667,19.35
2025,ARKANSAS,179.0,24.208333333333332,30.38
2000,CALIFORNIA,170.0,24.973333333333333,1.7
2001,CALIFORNIA,170.0,25.221666666666664,2.8600000000000003
2002,CALIFORNIA,170.0,24.939999999999998,1.38
2003,CALIFORNIA,160.0,24.846666666666664,3.5700000000000003
2004,CALIFORNIA,175.0,25.241666666666664,1.28
2005,CALIFORNIA,172.0,24.035,3.94
2006,CALIFORNIA,165.0,24.828333333333333,4.73
2007,CALIFORNIA,182.0,24.766666666666666,2.6799999999999997
2008,CALIFORNIA,195.0,25.375,0.37
2009,CALIFORNIA,180.0,25.459999999999997,1.45
2010,CALIFORNIA,192.0,23.145,2.9099999999999997
2011,CALIFORNIA,181.0,23.406666666666666,1.62
2012,CALIFORNIA,180.0,25.275000000000002,2.34
2013,CALIFORNIA,191.0,25.691666666666666,0.6900000000000001
2014,CALIFORNIA,165.0,26.126666666666665,1.29
2015,CALIFORNIA,157.0,25.715,1.82
2016,CALIFORNIA,185.0,25.595,1.3800000000000001
2017,CALIFORNIA,167.0,25.998333333333335,1.71
2018,CALIFORNIA,173.0,25.945000000000004,1.1300000000000001
2019,CALIFORNIA,168.0,25.156666666666666,2.7
2020,CALIFORNIA,187.0,25.493333333333336,3.21
2021,CALIFORNIA,188.0,26.45,0.26
2022,CALIFORNIA,177.0,26.546666666666667,1.1199999999999999
2023,CALIFORNIA,178.0,23.986666666666665,2.38
2024,CALIFORNIA,182.0,26.221666666666668,1.3
2000,COLORADO,126.0,15.385,8.77
2001,COLORADO,140.0,15.15,9.34
2002,COLORADO,150.0,15.835,5.279999999999999
2003,COLORADO,135.0,14.636666666666665,8.48
2004,COLORADO,135.0,13.746666666666668,12.020000000000001
2005,COLORADO,148.0,14.718333333333334,7.89
2006,COLORADO,156.0,14.753333333333332,10.04
2007,COLORADO,140.0,14.451666666666666,11.41
2008,COLORADO,137.0,13.988333333333335,7.99
2009,COLORADO,153.0,13.391666666666666,12.06
2010,COLORADO,151.0,14.65,7.909999999999999
2011,COLORADO,133.0,14.618333333333334,9.54
2012,COLORADO,133.0,16.044999999999998,8.07
2013,COLORADO,131.0,14.085,12.76
2014,COLORADO,146.0,13.785000000000002,11.02
2015,COLORADO,142.0,13.993333333333332,13.600000000000001
2016,COLORADO,137.0,14.263333333333334,9.559999999999999
2017,COLORADO,143.0,14.061666666666667,12.26
2018,COLORADO,129.0,15.75,6.8500000000000005
2019,COLORADO,123.0,14.525,8.63
2020,COLORADO,116.0,15.193333333333333,6.46
2021,COLORADO,129.0,15.020000000000001,10.25
2022,COLORADO,121.0,15.218333333333334,9.42
2023,COLORADO,122.0,14.39,14.71
2024,COLORADO,116.0,15.5,8.29
2025,COLORADO,130.0,15.040000000000001,11.56
2000,CONNECTICUT,19.0,16.56833333333333,19.62
2001,CONNECTICUT,19.0,17.775000000000002,16.03
2002,CONNECTICUT,18.0,18.308333333333334,15.86
2003,CONNECTICUT,17.5,16.766666666666666,20.61
2004,CONNECTICUT,21.5,17.533333333333335,23.18
2005,CONNECTICUT,20.0,18.216666666666665,14.48
2006,CONNECTICUT,17.5,17.258333333333333,26.23
2007,CONNECTICUT,19.5,17.46666666666667,16.73
2008,CONNECTICUT,21.5,17.588333333333335,22.5
2009,CONNECTICUT,15.5,16.876666666666665,22.73
2010,CONNECTICUT,20.5,18.95,14.42
2011,CONNECTICUT,16.0,18.078333333333333,28.830000000000002
2012,CONNECTICUT,20.0,18.49833333333333,19.73
2013,CONNECTICUT,19.0,17.55333333333333,19.439999999999998
2014,CONNECTICUT,20.0,17.355,15.579999999999998
2015,CONNECTICUT,18.5,18.44,15.11
2016,CONNECTICUT,18.5,18.346666666666668,13.91
2017,CONNECTICUT,19.5,17.733333333333334,18.13
2018,CONNECTICUT,19.0,17.973333333333333,25.21
2019,CONNECTICUT,21.0,17.963333333333335,21.59
2020,CONNECTICUT,16.0,17.988333333333333,15.34
2021,CONNECTICUT,17.0,18.14,26.52
2022,CONNECTICUT,20.0,18.516666666666666,17.4
2023,CONNECTICUT,17.0,18.033333333333335,27.64
2024,CONNECTICUT,20.0,18.12666666666667,21.84
2000,DELAWARE,162.0,18.86,22.339999999999996
2001,DELAWARE,146.0,19.823333333333334,17.5
2002,DELAWARE,84.0,21.161666666666665,16.37
2003,DELAWARE,123.0,18.746666666666666,26.96
2004,DELAWARE,152.0,20.081666666666667,26.14
2005,DELAWARE,143.0,20.503333333333334,14.89
2006,DELAWARE,145.0,20.276666666666667,21.05
2007,DELAWARE,99.0,20.23,15.72
2008,DELAWARE,125.0,20.294999999999998,18.96
2009,DELAWARE,145.0,19.401666666666667,26.11
2010,DELAWARE,114.0,21.651666666666667,18.130000000000003
2011,DELAWARE,130.0,21.113333333333333,28.46
2012,DELAWARE,135.0,21.108333333333334,16.88
2013,DELAWARE,166.0,19.528333333333332,22.669999999999998
2014,DELAWARE,200.0,19.471666666666668,20.64
2015,DELAWARE,192.0,20.69666666666667,20.18
2016,DELAWARE,170.0,20.613333333333333,20.04
2017,DELAWARE,189.0,20.418333333333333,22.28
2018,DELAWARE,145.0,20.551666666666666,26.68
2019,DELAWARE,161.0,21.294999999999998,20.03
2020,DELAWARE,160.0,19.983333333333334,23.57
2021,DELAWARE,184.0,20.836666666666666,19.1
2022,DELAWARE,170.0,20.915,18.66
2023,DELAWARE,189.0,20.49833333333333,23.240000000000002
2024,DELAWARE,171.0,21.375,16.72
2025,DELAWARE,162.0,21.041666666666668,19.799999999999997
2000,FLORIDA,75.0,26.26,23.59
2001,FLORIDA,87.0,25.43166666666667,32.26
2002,FLORIDA,96.0,26.223333333333333,33.01
2003,FLORIDA,82.0,25.406666666666666,34.42
2004,FLORIDA,90.0,26.064999999999998,35.85
2005,FLORIDA,94.0,25.5,27.91
2006,FLORIDA,82.0,26.455000000000002,22.82
2007,FLORIDA,90.0,25.978333333333335,25.15
2008,FLORIDA,110.0,25.569999999999997,30.12
2009,FLORIDA,97.0,25.745,33.3
2010,FLORIDA,109.0,26.43166666666667,26.35
2011,FLORIDA,104.0,26.728333333333335,23.38
2012,FLORIDA,115.0,25.816666666666666,32.22
2013,FLORIDA,133.0,25.596666666666664,33.269999999999996
2014,FLORIDA,135.0,26.036666666666665,29.65
2015,FLORIDA,141.0,26.688333333333333,30.049999999999997
2016,FLORIDA,145.0,26.205,32.06
2017,FLORIDA,161.0,26.44,34.91
2018,FLORIDA,157.0,25.709999999999997,34.56
2019,FLORIDA,161.0,26.41333333333333,29.75
2020,FLORIDA,138.0,26.481666666666666,30.21
2021,FLORIDA,176.0,26.34,26.37
2022,FLORIDA,164.0,26.983333333333334,33.519999999999996
2023,FLORIDA,158.0,27.286666666666665,28.189999999999998
2024,FLORIDA,141.0,27.761666666666667,25.7
2000,GEORGIA,107.0,24.268333333333334,14.91
2001,GEORGIA,134.0,22.903333333333332,19.310000000000002
2002,GEORGIA,110.0,24.694999999999997,15.91
2003,GEORGIA,126.0,22.78,27.82
2004,GEORGIA,128.0,24.05,25.04
2005,GEORGIA,128.0,23.191666666666666,21.990000000000002
2006,GEORGIA,110.0,24.885,14.03
2007,GEORGIA,127.0,24.118333333333336,15.76
2008,GEORGIA,140.0,23.923333333333332,15.649999999999999
2009,GEORGIA,140.0,23.334999999999997,23.08
2010,GEORGIA,146.0,24.959999999999997,21.46
2011,GEORGIA,159.0,25.493333333333336,11.96
2012,GEORGIA,180.0,24.423333333333332,15.51
2013,GEORGIA,175.0,22.366666666666664,27.21
2014,GEORGIA,170.0,23.53333333333333,19.52
2015,GEORGIA,171.0,24.298333333333332,20.7
2016,GEORGIA,165.0,24.785,15.35
2017,GEORGIA,176.0,23.848333333333333,23.01
2018,GEORGIA,176.0,24.245,20.62
2019,GEORGIA,160.0,25.441666666666666,14.950000000000001
2020,GEORGIA,180.0,23.311666666666667,23.15
2021,GEORGIA,182.0,23.439999999999998,19.68
2022,GEORGIA,175.0,24.276666666666667,17.98
2023,GEORGIA,174.0,24.066666666666666,17.21
2024,GEORGIA,163.0,24.97,21.75
2025,GEORGIA,182.0,24.453333333333333,21.51
2000,IDAHO,160.0,9.598333333333333,4.43
2001,IDAHO,150.0,9.801666666666668,5.2700000000000005
2002,IDAHO,155.0,8.826666666666666,4.92
2003,IDAHO,140.0,9.663333333333334,5.46
2004,IDAHO,175.0,8.666666666666666,8.41
2005,IDAHO,170.0,8.206666666666667,9.58
2006,IDAHO,170.0,8.908333333333333,7.68
2007,IDAHO,170.0,9.826666666666666,5.68
2008,IDAHO,170.0,7.3933333333333335,3.52
2009,IDAHO,185.0,8.443333333333333,9.47
2010,IDAHO,190.0,6.935,8.89
2011,IDAHO,189.0,7.239999999999999,6.64
2012,IDAHO,195.0,9.681666666666667,4.85
2013,IDAHO,181.0,9.316666666666668,5.59
2014,IDAHO,200.0,8.503333333333334,7.66
2015,IDAHO,207.0,9.45,7.22
2016,IDAHO,188.0,8.881666666666666,5.27
2017,IDAHO,203.0,8.683333333333334,7.55
2018,IDAHO,213.0,8.983333333333334,6.28
2019,IDAHO,205.0,8.49,6.800000000000001
2020,IDAHO,199.0,8.761666666666667,7.710000000000001
2021,IDAHO,210.0,10.573333333333332,3.66
2022,IDAHO,216.0,9.188333333333334,7.33
2023,IDAHO,203.0,8.356666666666667,10.3
2024,IDAHO,206.0,9.665000000000001,4.57
2025,IDAHO,227.0,10.215,5.67
2000,ILLINOIS,151.0,19.216666666666665,18.23
2001,ILLINOIS,152.0,19.58666666666667,17.19
2002,ILLINOIS,135.0,19.256666666666668,21.31
2003,ILLINOIS,164.0,18.775000000000002,19.94
2004,ILLINOIS,180.0,18.97666666666667,17.4
2005,ILLINOIS,143.0,20.628333333333334,11.940000000000001
2006,ILLINOIS,163.0,19.433333333333334,17.89
2007,ILLINOIS,175.0,19.61,15.530000000000001
2008,ILLINOIS,179.0,18.150000000000002,26.39
2009,ILLINOIS,174.0,17.661666666666665,23.73
2010,ILLINOIS,157.0,20.246666666666666,23.349999999999998
2011,ILLINOIS,157.0,19.308333333333334,20.47
2012,ILLINOIS,105.0,21.006666666666668,13.16
2013,ILLINOIS,178.0,18.913333333333334,19.63
2014,ILLINOIS,200.0,18.533333333333335,21.68
2015,ILLINOIS,175.0,19.273333333333333,24.72
2016,ILLINOIS,197.0,19.541666666666668,24.060000000000002
2017,ILLINOIS,201.0,19.45,18.669999999999998
2018,ILLINOIS,210.0,19.786666666666665,18.43
2019,ILLINOIS,181.0,19.508333333333333,23.22
2020,ILLINOIS,191.0,18.593333333333334,19.689999999999998
2021,ILLINOIS,202.0,19.366666666666667,21.52
2022,ILLINOIS,214.0,19.330000000000002,16.42
2023,ILLINOIS,206.0,19.703333333333333,14.59
2024,ILLINOIS,217.0,20.088333333333335,20.71
2025,ILLINOIS,221.0,20.02,17.47
2000,INDIANA,146.0,18.71,22.07
2001,INDIANA,156.0,19.368333333333332,20.58
2002,INDIANA,121.0,19.326666666666664,22.02
2003,INDIANA,146.0,18.121666666666666,27.94
2004,INDIANA,168.0,18.708333333333332,19.68
2005,INDIANA,154.0,19.61,20.549999999999997
2006,INDIANA,157.0,18.525000000000002,22.91
2007,INDIANA,154.0,19.52,15.64
2008,INDIANA,160.0,18.19333333333333,23.89
2009,INDIANA,171.0,18.05666666666667,23.63
2010,INDIANA,157.0,20.405,21.63
2011,INDIANA,146.0,19.316666666666666,25.86
2012,INDIANA,99.0,20.171666666666667,15.969999999999999
2013,INDIANA,177.0,18.85833333333333,19.84
2014,INDIANA,188.0,18.470000000000002,20.94
2015,INDIANA,150.0,19.075,23.54
2016,INDIANA,173.0,19.59,22.33
2017,INDIANA,180.0,19.106666666666666,23.42
2018,INDIANA,189.0,19.631666666666668,22.04
2019,INDIANA,169.0,19.599999999999998,20.12
2020,INDIANA,187.0,18.790000000000003,15.5
2021,INDIANA,195.0,19.468333333333334,19.740000000000002
2022,INDIANA,190.0,19.535,16.47
2023,INDIANA,203.0,19.398333333333333,13.05
2024,INDIANA,198.0,20.513333333333332,20.64
2025,INDIANA,206.0,19.916666666666668,19.7
2000,IOWA,144.0,18.94,18.88
2001,IOWA,146.0,18.51666666666667,20.79
2002,IOWA,163.0,18.981666666666666,19.72
2003,IOWA,157.0,18.425,17.740000000000002
2004,IOWA,181.0,17.99,18.52
2005,IOWA,173.0,19.968333333333334,18.01
2006,IOWA,166.0,19.491666666666667,17.66
2007,IOWA,171.0,18.615,24.46
2008,IOWA,171.0,17.121666666666666,29.17
2009,IOWA,181.0,16.918333333333333,21.71
2010,IOWA,165.0,19.046666666666667,33.660000000000004
2011,IOWA,172.0,18.161666666666665,18.12
2012,IOWA,137.0,20.695,12.04
2013,IOWA,164.0,17.926666666666666,20.23
2014,IOWA,178.0,17.565,25.89
2015,IOWA,192.0,18.598333333333333,24.44
2016,IOWA,203.0,18.895,21.94
2017,IOWA,202.0,19.273333333333333,14.66
2018,IOWA,196.0,18.84,25.39
2019,IOWA,198.0,18.276666666666667,20.759999999999998
2020,IOWA,177.0,18.2,16.62
2021,IOWA,204.0,19.933333333333334,12.2
2022,IOWA,200.0,19.116666666666667,14.79
2023,IOWA,201.0,19.97,11.4
2024,IOWA,211.0,19.505,22.35
2025,IOWA,216.0,19.03,23.38
2000,KANSAS,130.0,22.605,12.58
2001,KANSAS,127.0,22.63,19.36
2002,KANSAS,116.0,22.425,16.05
2003,KANSAS,120.0,21.378333333333334,19.59
2004,KANSAS,150.0,20.641666666666666,20.91
2005,KANSAS,135.0,21.338333333333335,25.22
2006,KANSAS,115.0,22.598333333333333,16.96
2007,KANSAS,138.0,21.065,22.83
2008,KANSAS,133.0,19.925,25.45
2009,KANSAS,155.0,19.896666666666665,24.74
2010,KANSAS,124.0,22.314999999999998,23.47
2011,KANSAS,107.0,23.291666666666668,13.86
2012,KANSAS,95.0,23.78833333333333,11.860000000000001
2013,KANSAS,126.0,20.816666666666666,22.71
2014,KANSAS,149.0,21.755,18.68
2015,KANSAS,148.0,21.795,22.63
2016,KANSAS,142.0,21.756666666666664,26.259999999999998
2017,KANSAS,132.0,21.728333333333335,17.0
2018,KANSAS,129.0,22.416666666666668,19.77
2019,KANSAS,133.0,20.948333333333334,29.39
2020,KANSAS,134.0,20.81,18.0
2021,KANSAS,139.0,21.790000000000003,18.88
2022,KANSAS,115.0,22.659999999999997,17.97
2023,KANSAS,119.0,23.206666666666667,13.32
2024,KANSAS,129.0,22.939999999999998,18.34
2025,KANSAS,141.0,21.763333333333335,23.59
2000,KENTUCKY,130.0,20.263333333333332,19.31
2001,KENTUCKY,142.0,20.565,18.46
2002,KENTUCKY,104.0,21.261666666666667,20.16
2003,KENTUCKY,137.0,19.631666666666664,27.53
2004,KENTUCKY,152.0,19.608333333333334,29.33
2005,KENTUCKY,132.0,21.286666666666665,14.99
2006,KENTUCKY,146.0,20.536666666666665,23.48
2007,KENTUCKY,128.0,21.761666666666667,13.83
2008,KENTUCKY,136.0,20.466666666666665,16.04
2009,KENTUCKY,165.0,19.481666666666666,27.73
2010,KENTUCKY,124.0,21.69333333333333,23.71
2011,KENTUCKY,139.0,20.705000000000002,25.32
2012,KENTUCKY,68.0,21.383333333333336,18.259999999999998
2013,KENTUCKY,170.0,19.583333333333332,24.349999999999998
2014,KENTUCKY,158.0,20.388333333333332,20.43
2015,KENTUCKY,172.0,20.68,26.59
2016,KENTUCKY,159.0,21.025000000000002,22.51
2017,KENTUCKY,178.0,20.580000000000002,22.05
2018,KENTUCKY,175.0,20.905,26.48
2019,KENTUCKY,169.0,21.721666666666664,19.75
2020,KENTUCKY,184.0,19.801666666666666,22.55
2021,KENTUCKY,192.0,20.081666666666667,20.79
2022,KENTUCKY,156.0,20.798333333333332,20.439999999999998
2023,KENTUCKY,187.0,20.613333333333333,16.13
2024,KENTUCKY,178.0,21.650000000000002,22.43
2025,KENTUCKY,164.0,21.135,25.490000000000002
2000,LOUISIANA,116.0,26.445000000000004,17.38
2001,LOUISIANA,148.0,24.508333333333336,27.490000000000002
2002,LOUISIANA,121.0,25.728333333333335,19.89
2003,LOUISIANA,134.0,25.186666666666667,18.88
2004,LOUISIANA,135.0,24.118333333333336,31.18
2005,LOUISIANA,136.0,26.16333333333333,18.990000000000002
2006,LOUISIANA,140.0,26.03333333333333,18.34
2007,LOUISIANA,163.0,24.675,24.95
2008,LOUISIANA,144.0,25.10666666666667,30.61
2009,LOUISIANA,132.0,25.39,20.82
2010,LOUISIANA,140.0,26.373333333333335,19.06
2011,LOUISIANA,135.0,26.86,17.9
2012,LOUISIANA,173.0,25.13,24.83
2013,LOUISIANA,173.0,24.925,23.29
2014,LOUISIANA,183.0,24.221666666666664,27.66
2015,LOUISIANA,171.0,25.439999999999998,25.61
2016,LOUISIANA,165.0,25.13,28.77
2017,LOUISIANA,184.0,24.323333333333334,31.94
2018,LOUISIANA,173.0,25.838333333333335,20.97
2019,LOUISIANA,165.0,25.474999999999998,27.759999999999998
2020,LOUISIANA,181.0,24.566666666666666,28.18
2021,LOUISIANA,183.0,24.083333333333332,39.54
2022,LOUISIANA,170.0,25.855,24.150000000000002
2023,LOUISIANA,175.0,27.311666666666667,14.87
2024,LOUISIANA,185.0,25.778333333333332,27.73
2025,LOUISIANA,176.0,26.046666666666667,23.62
2000,MAINE,17.5,13.811666666666667,18.56
2001,MAINE,19.0,15.725,11.51
2002,MAINE,17.0,15.021666666666667,18.14
2003,MAINE,18.0,14.575000000000001,15.87
2004,MAINE,19.5,14.151666666666666,18.21
2005,MAINE,18.5,14.706666666666665,22.77
2006,MAINE,17.0,14.713333333333333,23.3
2007,MAINE,18.0,14.31,18.62
2008,MAINE,18.0,14.455,24.21
2009,MAINE,13.0,14.15,25.31
2010,MAINE,18.0,15.916666666666666,16.89
2011,MAINE,17.5,14.89,22.380000000000003
2012,MAINE,16.0,15.308333333333332,25.21
2013,MAINE,17.5,14.608333333333334,24.77
2014,MAINE,18.5,14.453333333333333,21.54
2015,MAINE,18.5,15.176666666666668,22.15
2016,MAINE,19.0,15.13,13.77
2017,MAINE,18.0,15.141666666666666,18.13
2018,MAINE,20.0,15.410000000000002,18.1
2019,MAINE,19.0,14.313333333333333,22.47
2020,MAINE,19.0,15.19,15.35
2021,MAINE,21.0,15.976666666666667,18.71
2022,MAINE,17.0,15.666666666666666,18.13
2023,MAINE,15.0,15.094999999999999,25.48
2024,MAINE,19.0,15.951666666666666,18.23
2000,MARYLAND,155.0,19.163333333333334,24.03
2001,MARYLAND,136.0,20.076666666666664,19.18
2002,MARYLAND,74.0,21.694999999999997,15.7
2003,MARYLAND,123.0,18.96,30.06
2004,MARYLAND,153.0,20.42833333333333,24.65
2005,MARYLAND,135.0,20.911666666666665,15.54
2006,MARYLAND,140.0,20.808333333333334,19.95
2007,MARYLAND,101.0,20.976666666666667,12.84
2008,MARYLAND,121.0,20.46,23.66
2009,MARYLAND,145.0,20.03833333333333,24.76
2010,MARYLAND,106.0,22.093333333333334,19.759999999999998
2011,MARYLAND,109.0,21.528333333333332,26.54
2012,MARYLAND,122.0,21.583333333333332,16.83
2013,MARYLAND,158.0,20.215,18.990000000000002
2014,MARYLAND,175.0,19.933333333333334,20.26
2015,MARYLAND,164.0,21.115,21.85
2016,MARYLAND,152.0,21.076666666666668,20.32
2017,MARYLAND,172.0,21.258333333333336,20.14
2018,MARYLAND,146.0,20.811666666666667,34.28
2019,MARYLAND,161.0,21.996666666666666,17.09
2020,MARYLAND,155.0,20.281666666666666,25.59
2021,MARYLAND,175.0,21.141666666666666,19.240000000000002
2022,MARYLAND,165.0,21.293333333333333,19.22
2023,MARYLAND,165.0,21.400000000000002,17.11
2024,MARYLAND,143.0,22.055000000000003,15.98
2025,MARYLAND,167.0,21.59,19.6
2000,MASSACHUSETTS,19.5,16.176666666666666,19.900000000000002
2001,MASSACHUSETTS,21.0,17.496666666666666,15.459999999999999
2002,MASSACHUSETTS,19.0,17.968333333333334,16.17
2003,MASSACHUSETTS,19.0,16.373333333333335,19.64
2004,MASSACHUSETTS,22.0,16.945,23.21
2005,MASSACHUSETTS,21.5,17.488333333333333,16.98
2006,MASSACHUSETTS,19.0,16.80333333333333,25.03
2007,MASSACHUSETTS,20.0,17.131666666666664,16.89
2008,MASSACHUSETTS,19.5,17.155,22.69
2009,MASSACHUSETTS,15.0,16.463333333333335,23.29
2010,MASSACHUSETTS,20.0,18.7,14.74
2011,MASSACHUSETTS,18.0,17.611666666666668,25.34
2012,MASSACHUSETTS,19.0,18.073333333333334,19.74
2013,MASSACHUSETTS,18.0,17.298333333333332,21.12
2014,MASSACHUSETTS,20.0,17.046666666666667,15.44
2015,MASSACHUSETTS,19.0,18.085,16.09
2016,MASSACHUSETTS,16.0,18.043333333333333,12.83
2017,MASSACHUSETTS,19.0,17.165,21.18
2018,MASSACHUSETTS,20.0,17.773333333333333,21.22
2019,MASSACHUSETTS,20.0,17.275000000000002,21.83
2020,MASSACHUSETTS,16.0,17.705,13.75
2021,MASSACHUSETTS,17.0,17.771666666666665,27.200000000000003
2022,MASSACHUSETTS,15.0,18.400000000000002,14.780000000000001
2023,MASSACHUSETTS,16.0,17.503333333333334,26.580000000000002
2024,MASSACHUSETTS,19.0,17.78,18.93
2000,MICHIGAN,124.0,16.13,19.47
2001,MICHIGAN,105.0,16.895,16.26
2002,MICHIGAN,117.0,16.875,14.54
2003,MICHIGAN,128.0,16.018333333333334,13.370000000000001
2004,MICHIGAN,134.0,16.205,15.74
2005,MICHIGAN,143.0,17.93166666666667,11.29
2006,MICHIGAN,147.0,17.25,13.9
2007,MICHIGAN,123.0,17.21,14.88
2008,MICHIGAN,138.0,16.541666666666668,17.86
2009,MICHIGAN,148.0,15.286666666666667,17.23
2010,MICHIGAN,149.0,17.648333333333333,17.54
2011,MICHIGAN,153.0,16.294999999999998,21.1
2012,MICHIGAN,132.0,17.315,15.39
2013,MICHIGAN,155.0,15.875,18.830000000000002
2014,MICHIGAN,161.0,15.606666666666667,19.09
2015,MICHIGAN,162.0,16.601666666666667,17.32
2016,MICHIGAN,157.0,17.03833333333333,16.09
2017,MICHIGAN,159.0,16.728333333333335,15.27
2018,MICHIGAN,152.0,16.635,18.65
2019,MICHIGAN,147.0,16.026666666666667,18.9
2020,MICHIGAN,153.0,16.135,16.93
2021,MICHIGAN,174.0,17.281666666666666,18.48
2022,MICHIGAN,168.0,16.641666666666666,15.43
2023,MICHIGAN,168.0,16.701666666666668,14.59
2024,MICHIGAN,181.0,18.021666666666665,15.07
2025,MICHIGAN,178.0,17.276666666666667,13.79
2000,MINNESOTA,145.0,16.456666666666667,14.059999999999999
2001,MINNESOTA,130.0,16.631666666666668,19.35
2002,MINNESOTA,157.0,16.311666666666667,22.16
2003,MINNESOTA,146.0,16.436666666666667,16.67
2004,MINNESOTA,159.0,15.839999999999998,18.009999999999998
2005,MINNESOTA,174.0,18.176666666666666,12.82
2006,MINNESOTA,161.0,18.551666666666666,9.129999999999999
2007,MINNESOTA,146.0,18.156666666666666,12.75
2008,MINNESOTA,162.0,16.001666666666665,16.29
2009,MINNESOTA,174.0,15.835,12.47
2010,MINNESOTA,177.0,17.205000000000002,23.5
2011,MINNESOTA,155.0,15.991666666666667,19.33
2012,MINNESOTA,165.0,17.773333333333333,16.98
2013,MINNESOTA,159.0,16.223333333333333,15.26
2014,MINNESOTA,156.0,15.566666666666668,22.33
2015,MINNESOTA,188.0,16.919999999999998,19.740000000000002
2016,MINNESOTA,193.0,16.94333333333333,21.13
2017,MINNESOTA,194.0,16.19666666666667,19.85
2018,MINNESOTA,182.0,16.456666666666667,17.96
2019,MINNESOTA,174.0,15.741666666666667,23.729999999999997
2020,MINNESOTA,191.0,16.073333333333334,14.57
2021,MINNESOTA,177.0,17.959999999999997,13.370000000000001
2022,MINNESOTA,195.0,16.651666666666667,17.06
2023,MINNESOTA,185.0,17.650000000000002,13.99
2024,MINNESOTA,174.0,17.05666666666667,24.09
2025,MINNESOTA,193.0,17.066666666666666,19.7
2000,MISSISSIPPI,100.0,25.06833333333333,15.52
2001,MISSISSIPPI,130.0,23.583333333333332,24.55
2002,MISSISSIPPI,120.0,24.923333333333332,21.34
2003,MISSISSIPPI,133.0,23.53,30.36
2004,MISSISSIPPI,133.0,23.265,23.92
2005,MISSISSIPPI,126.0,23.89,26.91
2006,MISSISSIPPI,107.0,25.150000000000002,14.120000000000001
2007,MISSISSIPPI,148.0,24.37,17.75
2008,MISSISSIPPI,140.0,23.75,27.14
2009,MISSISSIPPI,128.0,23.695000000000004,25.46
2010,MISSISSIPPI,136.0,25.478333333333335,18.23
2011,MISSISSIPPI,128.0,24.965,23.369999999999997
2012,MISSISSIPPI,165.0,24.198333333333334,26.18
2013,MISSISSIPPI,176.0,23.49,24.54
2014,MISSISSIPPI,185.0,23.551666666666666,23.81
2015,MISSISSIPPI,175.0,24.741666666666664,17.22
2016,MISSISSIPPI,166.0,25.054999999999996,16.2
2017,MISSISSIPPI,189.0,23.816666666666666,28.21
2018,MISSISSIPPI,185.0,24.581666666666667,24.54
2019,MISSISSIPPI,174.0,24.885,25.34
2020,MISSISSIPPI,180.0,23.463333333333335,26.490000000000002
2021,MISSISSIPPI,181.0,23.12,33.76
2022,MISSISSIPPI,165.0,24.786666666666665,22.81
2023,MISSISSIPPI,181.0,24.84,22.81
2024,MISSISSIPPI,186.0,24.881666666666664,23.36
2025,MISSISSIPPI,177.0,24.915000000000003,25.48
2000,MISSOURI,143.0,21.78,17.580000000000002
2001,MISSOURI,133.0,21.724999999999998,22.74
2002,MISSOURI,105.0,21.561666666666667,21.28
2003,MISSOURI,108.0,20.941666666666666,21.62
2004,MISSOURI,162.0,20.18,20.830000000000002
2005,MISSOURI,111.0,21.985,21.35
2006,MISSOURI,138.0,22.003333333333334,14.96
2007,MISSOURI,140.0,21.453333333333333,18.93
2008,MISSOURI,144.0,19.540000000000003,32.58
2009,MISSOURI,153.0,19.76,25.78
2010,MISSOURI,123.0,21.885,29.1
2011,MISSOURI,114.0,21.736666666666668,21.24
2012,MISSOURI,75.0,23.093333333333334,13.14
2013,MISSOURI,136.0,20.276666666666667,22.54
2014,MISSOURI,186.0,21.03,18.91
2015,MISSOURI,142.0,21.23,24.62
2016,MISSOURI,163.0,21.554999999999996,24.12
2017,MISSOURI,170.0,21.316666666666666,24.88
2018,MISSOURI,140.0,22.396666666666665,13.96
2019,MISSOURI,155.0,21.679999999999996,22.68
2020,MISSOURI,170.0,20.398333333333333,20.91
2021,MISSOURI,159.0,21.14,21.32
2022,MISSOURI,161.0,21.83,18.009999999999998
2023,MISSOURI,153.0,22.281666666666666,13.46
2024,MISSOURI,183.0,21.84166666666667,27.71
2025,MISSOURI,178.0,22.005,21.41
2000,MONTANA,140.0,11.376666666666667,10.68
2001,MONTANA,148.0,12.121666666666668,10.280000000000001
2002,MONTANA,140.0,10.338333333333333,12.86
2003,MONTANA,140.0,11.971666666666666,10.620000000000001
2004,MONTANA,143.0,10.286666666666667,13.23
2005,MONTANA,148.0,10.604999999999999,13.379999999999999
2006,MONTANA,146.0,11.988333333333335,13.93
2007,MONTANA,140.0,11.858333333333334,12.93
2008,MONTANA,122.0,9.856666666666667,13.23
2009,MONTANA,152.0,10.361666666666666,13.23
2010,MONTANA,135.0,9.186666666666667,19.689999999999998
2011,MONTANA,127.0,9.936666666666667,15.51
2012,MONTANA,104.0,12.021666666666667,9.799999999999999
2013,MONTANA,115.0,11.526666666666666,14.45
2014,MONTANA,100.0,10.69,14.66
2015,MONTANA,110.0,11.584999999999999,12.05
2016,MONTANA,100.0,11.4,13.01
2017,MONTANA,70.0,12.081666666666669,11.01
2018,MONTANA,85.0,10.888333333333334,15.68
2019,MONTANA,95.0,10.31,16.21
2020,MONTANA,109.0,10.788333333333334,12.7
2021,MONTANA,100.0,12.068333333333333,10.45
2022,MONTANA,112.0,11.538333333333332,12.01
2023,MONTANA,129.0,11.716666666666667,17.67
2024,MONTANA,85.0,11.916666666666666,14.28
2000,NEBRASKA,126.0,20.970000000000002,11.16
2001,NEBRASKA,147.0,20.650000000000002,15.8
2002,NEBRASKA,128.0,21.186666666666667,11.15
2003,NEBRASKA,146.0,19.968333333333334,15.030000000000001
2004,NEBRASKA,166.0,19.773333333333333,16.5
2005,NEBRASKA,154.0,20.576666666666664,16.54
2006,NEBRASKA,152.0,20.633333333333336,17.259999999999998
2007,NEBRASKA,160.0,19.586666666666666,22.12
2008,NEBRASKA,163.0,18.085,22.37
2009,NEBRASKA,179.0,18.224999999999998,16.470000000000002
2010,NEBRASKA,166.0,19.781666666666666,20.95
2011,NEBRASKA,160.0,19.223333333333333,18.97
2012,NEBRASKA,142.0,22.188333333333333,8.65
2013,NEBRASKA,169.0,19.643333333333334,17.09
2014,NEBRASKA,179.0,19.09,20.54
2015,NEBRASKA,185.0,19.608333333333334,21.56
2016,NEBRASKA,178.0,20.105,18.49
2017,NEBRASKA,181.0,19.815,19.32
2018,NEBRASKA,192.0,19.56833333333333,18.94
2019,NEBRASKA,182.0,18.958333333333332,22.1
2020,NEBRASKA,180.0,19.06,13.01
2021,NEBRASKA,194.0,20.044999999999998,13.89
2022,NEBRASKA,165.0,20.933333333333334,13.0
2023,NEBRASKA,182.0,21.39833333333333,11.34
2024,NEBRASKA,188.0,20.778333333333332,17.03
2025,NEBRASKA,191.0,20.34,19.11
2000,NEVADA,25.0,16.81,2.64
2001,NEVADA,22.0,17.19333333333333,2.2800000000000002
2002,NEVADA,20.0,17.19666666666667,1.31
2003,NEVADA,23.0,16.733333333333334,3.21
2004,NEVADA,22.0,16.458333333333332,1.89
2005,NEVADA,23.0,15.56,3.27
2006,NEVADA,25.0,16.748333333333335,1.97
2007,NEVADA,25.0,16.958333333333332,2.89
2008,NEVADA,26.0,16.19,1.59
2009,NEVADA,24.0,16.236666666666668,2.87
2010,NEVADA,25.0,15.344999999999999,1.42
2011,NEVADA,25.0,15.373333333333333,2.72
2012,NEVADA,24.0,17.169999999999998,3.25
2013,NEVADA,24.0,16.551666666666666,2.89
2014,NEVADA,20.0,16.648333333333333,3.37
2015,NEVADA,24.0,16.705000000000002,2.35
2016,NEVADA,24.0,16.753333333333334,2.73
2017,NEVADA,24.0,17.096666666666668,2.81
2018,NEVADA,26.0,17.78,2.19
2019,NEVADA,25.0,16.191666666666666,3.5
2020,NEVADA,26.0,17.698333333333334,1.75
2021,NEVADA,26.0,18.138333333333332,1.81
2022,NEVADA,22.0,17.596666666666668,3.0300000000000002
2023,NEVADA,21.0,16.231666666666666,4.800000000000001
2024,NEVADA,25.0,18.208333333333332,1.33
2000,NEW HAMPSHIRE,19.5,13.69,18.27
2001,NEW HAMPSHIRE,21.0,14.815,12.33
2002,NEW HAMPSHIRE,19.5,15.195,16.02
2003,NEW HAMPSHIRE,19.5,14.5,18.98
2004,NEW HAMPSHIRE,21.0,14.5,23.13
2005,NEW HAMPSHIRE,20.5,15.156666666666666,22.2
2006,NEW HAMPSHIRE,18.0,14.628333333333332,27.1
2007,NEW HAMPSHIRE,20.5,14.321666666666667,19.1
2008,NEW HAMPSHIRE,21.5,14.763333333333334,22.98
2009,NEW HAMPSHIRE,18.0,14.143333333333333,22.76
2010,NEW HAMPSHIRE,20.5,15.791666666666666,15.64
2011,NEW HAMPSHIRE,20.5,15.328333333333333,26.09
2012,NEW HAMPSHIRE,20.0,15.283333333333333,21.51
2013,NEW HAMPSHIRE,20.0,14.845,24.67
2014,NEW HAMPSHIRE,21.0,14.523333333333333,19.240000000000002
2015,NEW HAMPSHIRE,20.0,15.299999999999999,20.240000000000002
2016,NEW HAMPSHIRE,20.0,15.076666666666668,13.99
2017,NEW HAMPSHIRE,20.0,14.948333333333332,21.61
2018,NEW HAMPSHIRE,21.0,15.338333333333333,21.08
2019,NEW HAMPSHIRE,20.0,14.75,19.53
2020,NEW HAMPSHIRE,20.0,14.964999999999998,15.08
2021,NEW HAMPSHIRE,21.0,15.631666666666668,22.55
2022,NEW HAMPSHIRE,19.0,15.388333333333334,17.72
2023,NEW HAMPSHIRE,18.0,15.328333333333333,26.8
2024,NEW HAMPSHIRE,21.0,15.853333333333333,18.41
2000,NEW JERSEY,134.0,17.835,22.53
2001,NEW JERSEY,112.0,19.005,16.310000000000002
2002,NEW JERSEY,61.0,19.868333333333332,17.97
2003,NEW JERSEY,113.0,17.706666666666667,24.43
2004,NEW JERSEY,143.0,19.041666666666668,23.5
2005,NEW JERSEY,122.0,19.88,12.72
2006,NEW JERSEY,129.0,18.995,21.759999999999998
2007,NEW JERSEY,124.0,18.613333333333333,23.66
2008,NEW JERSEY,116.0,19.081666666666667,19.98
2009,NEW JERSEY,143.0,18.186666666666667,24.79
2010,NEW JERSEY,114.0,20.43166666666667,14.629999999999999
2011,NEW JERSEY,123.0,19.573333333333334,32.59
2012,NEW JERSEY,118.0,19.794999999999998,19.5
2013,NEW JERSEY,139.0,18.41,22.01
2014,NEW JERSEY,157.0,18.456666666666667,19.74
2015,NEW JERSEY,147.0,19.651666666666667,16.4
2016,NEW JERSEY,145.0,19.55,17.16
2017,NEW JERSEY,167.0,18.923333333333332,22.18
2018,NEW JERSEY,141.0,19.2,27.6
2019,NEW JERSEY,155.0,19.38,23.71
2020,NEW JERSEY,156.0,18.845,20.63
2021,NEW JERSEY,163.0,19.258333333333333,25.740000000000002
2022,NEW JERSEY,114.0,19.816666666666666,18.04
2023,NEW JERSEY,168.0,19.25166666666667,26.25
2024,NEW JERSEY,157.0,19.778333333333332,18.54
2000,NEW MEXICO,160.0,19.991666666666667,5.55
2001,NEW MEXICO,180.0,19.37666666666667,5.3500000000000005
2002,NEW MEXICO,175.0,20.05,6.0200000000000005
2003,NEW MEXICO,180.0,19.546666666666667,3.83
2004,NEW MEXICO,180.0,18.208333333333332,8.25
2005,NEW MEXICO,175.0,18.768333333333334,6.93
2006,NEW MEXICO,185.0,18.588333333333335,9.86
2007,NEW MEXICO,180.0,18.47,6.6000000000000005
2008,NEW MEXICO,185.0,17.91,7.41
2009,NEW MEXICO,190.0,18.381666666666664,6.66
2010,NEW MEXICO,180.0,18.888333333333332,6.949999999999999
2011,NEW MEXICO,180.0,19.55666666666667,3.76
2012,NEW MEXICO,170.0,19.898333333333333,5.1
2013,NEW MEXICO,190.0,18.986666666666668,8.79
2014,NEW MEXICO,195.0,18.395,7.53
2015,NEW MEXICO,180.0,18.548333333333336,8.6
2016,NEW MEXICO,150.0,18.835,5.69
2017,NEW MEXICO,134.0,19.128333333333334,7.25
2018,NEW MEXICO,187.0,20.433333333333334,4.88
2019,NEW MEXICO,135.0,19.503333333333334,4.57
2020,NEW MEXICO,195.0,20.203333333333333,3.51
2021,NEW MEXICO,184.0,19.825,5.55
2022,NEW MEXICO,149.0,20.15,6.49
2023,NEW MEXICO,155.0,20.208333333333332,3.19
2024,NEW MEXICO,157.0,20.376666666666665,4.64
2000,NEW YORK,98.0,13.886666666666668,23.49
2001,NEW YORK,105.0,15.263333333333334,14.81
2002,NEW YORK,97.0,15.653333333333334,19.39
2003,NEW YORK,121.0,14.37,24.8
2004,NEW YORK,122.0,15.08,28.43
2005,NEW YORK,124.0,16.143333333333334,16.07
2006,NEW YORK,129.0,14.65,26.84
2007,NEW YORK,128.0,14.945,19.7
2008,NEW YORK,144.0,15.0,18.26
2009,NEW YORK,134.0,14.435,24.47
2010,NEW YORK,149.0,16.278333333333332,19.82
2011,NEW YORK,133.0,15.663333333333332,37.68
2012,NEW YORK,134.0,15.678333333333333,21.29
2013,NEW YORK,137.0,14.695,23.18
2014,NEW YORK,148.0,14.643333333333333,18.61
2015,NEW YORK,143.0,15.838333333333333,20.71
2016,NEW YORK,129.0,15.729999999999999,17.57
2017,NEW YORK,161.0,15.086666666666666,21.25
2018,NEW YORK,159.0,15.469999999999999,27.72
2019,NEW YORK,158.0,15.511666666666665,20.75
2020,NEW YORK,157.0,15.020000000000001,19.53
2021,NEW YORK,167.0,15.545,26.18
2022,NEW YORK,142.0,15.573333333333332,20.240000000000002
2023,NEW YORK,159.0,15.288333333333334,23.18
2024,NEW YORK,169.0,16.18,22.1
2025,NEW YORK,135.0,15.746666666666664,20.79
2000,NORTH CAROLINA,116.0,22.19333333333333,18.87
2001,NORTH CAROLINA,125.0,22.15833333333333,15.6
2002,NORTH CAROLINA,83.0,23.511666666666667,13.829999999999998
2003,NORTH CAROLINA,106.0,21.188333333333333,31.02
2004,NORTH CAROLINA,117.0,22.748333333333335,23.439999999999998
2005,NORTH CAROLINA,120.0,22.611666666666668,15.860000000000001
2006,NORTH CAROLINA,132.0,22.618333333333336,20.44
2007,NORTH CAROLINA,100.0,23.006666666666664,12.2
2008,NORTH CAROLINA,78.0,22.285,22.79
2009,NORTH CAROLINA,117.0,22.30666666666667,18.52
2010,NORTH CAROLINA,91.0,23.781666666666666,20.64
2011,NORTH CAROLINA,84.0,23.721666666666668,19.39
2012,NORTH CAROLINA,117.0,22.71666666666667,20.62
2013,NORTH CAROLINA,142.0,21.213333333333335,24.52
2014,NORTH CAROLINA,132.0,22.363333333333333,18.490000000000002
2015,NORTH CAROLINA,113.0,23.55,17.15
2016,NORTH CAROLINA,129.0,23.275000000000002,21.52
2017,NORTH CAROLINA,142.0,22.955,22.490000000000002
2018,NORTH CAROLINA,113.0,23.35166666666667,28.44
2019,NORTH CAROLINA,111.0,23.593333333333334,18.32
2020,NORTH CAROLINA,113.0,21.723333333333333,27.86
2021,NORTH CAROLINA,149.0,22.38,16.92
2022,NORTH CAROLINA,126.0,22.973333333333333,21.02
2023,NORTH CAROLINA,147.0,22.406666666666666,20.36
2024,NORTH CAROLINA,87.0,23.198333333333334,25.740000000000002
2025,NORTH CAROLINA,139.0,23.311666666666667,19.419999999999998
2000,NORTH DAKOTA,112.0,15.15,14.7
2001,NORTH DAKOTA,115.0,16.288333333333334,11.75
2002,NORTH DAKOTA,114.0,15.868333333333334,9.93
2003,NORTH DAKOTA,112.0,16.156666666666666,12.92
2004,NORTH DAKOTA,105.0,14.24,14.629999999999999
2005,NORTH DAKOTA,129.0,16.081666666666667,14.6
2006,NORTH DAKOTA,111.0,17.285,9.55
2007,NORTH DAKOTA,116.0,15.978333333333333,15.82
2008,NORTH DAKOTA,124.0,14.988333333333335,14.77
2009,NORTH DAKOTA,115.0,14.498333333333335,10.5
2010,NORTH DAKOTA,132.0,15.411666666666667,17.25
2011,NORTH DAKOTA,105.0,14.803333333333335,17.39
2012,NORTH DAKOTA,122.0,16.938333333333333,9.82
2013,NORTH DAKOTA,110.0,15.036666666666667,14.580000000000002
2014,NORTH DAKOTA,124.0,14.485,13.52
2015,NORTH DAKOTA,128.0,16.47,10.41
2016,NORTH DAKOTA,158.0,16.455000000000002,12.45
2017,NORTH DAKOTA,139.0,16.385,10.200000000000001
2018,NORTH DAKOTA,153.0,16.12333333333333,11.57
2019,NORTH DAKOTA,131.0,15.229999999999999,18.09
2020,NORTH DAKOTA,139.0,15.71,8.94
2021,NORTH DAKOTA,105.0,17.798333333333336,8.86
2022,NORTH DAKOTA,130.0,15.506666666666668,12.879999999999999
2023,NORTH DAKOTA,143.0,16.976666666666667,14.12
2024,NORTH DAKOTA,149.0,16.738333333333333,14.67
2025,NORTH DAKOTA,146.0,16.871666666666666,13.42
2000,OHIO,147.0,17.463333333333335,19.69
2001,OHIO,138.0,18.291666666666668,15.94
2002,OHIO,89.0,18.93166666666667,15.96
2003,OHIO,156.0,17.495,21.88
2004,OHIO,158.0,17.55333333333333,23.03
2005,OHIO,143.0,18.535,18.69
2006,OHIO,159.0,17.643333333333334,20.259999999999998
2007,OHIO,150.0,17.936666666666667,17.8
2008,OHIO,131.0,17.605,17.11
2009,OHIO,171.0,17.468333333333334,16.87
2010,OHIO,160.0,19.655,16.58
2011,OHIO,153.0,18.273333333333333,24.15
2012,OHIO,120.0,18.826666666666664,15.86
2013,OHIO,174.0,17.733333333333334,19.17
2014,OHIO,176.0,17.625,20.2
2015,OHIO,153.0,18.578333333333333,17.63
2016,OHIO,159.0,19.166666666666668,14.65
2017,OHIO,177.0,18.433333333333334,17.009999999999998
2018,OHIO,187.0,18.805,20.07
2019,OHIO,164.0,18.705000000000002,20.43
2020,OHIO,171.0,17.953333333333333,15.94
2021,OHIO,193.0,18.671666666666667,17.05
2022,OHIO,187.0,18.25,18.48
2023,OHIO,198.0,18.041666666666668,15.99
2024,OHIO,177.0,20.01,15.9
2025,OHIO,194.0,19.098333333333333,17.21
2000,OKLAHOMA,140.0,24.471666666666668,16.83
2001,OKLAHOMA,125.0,24.373333333333335,17.299999999999997
2002,OKLAHOMA,130.0,23.738333333333333,17.45
2003,OKLAHOMA,125.0,24.073333333333334,16.67
2004,OKLAHOMA,150.0,23.046666666666667,17.580000000000002
2005,OKLAHOMA,115.0,24.095,17.27
2006,OKLAHOMA,105.0,25.31833333333333,14.98
2007,OKLAHOMA,145.0,21.963333333333335,33.24
2008,OKLAHOMA,110.0,22.973333333333333,23.29
2009,OKLAHOMA,105.0,22.963333333333335,21.35
2010,OKLAHOMA,128.0,24.373333333333335,21.419999999999998
2011,OKLAHOMA,92.0,26.775000000000002,12.08
2012,OKLAHOMA,110.0,25.845,12.399999999999999
2013,OKLAHOMA,145.0,22.66,25.53
2014,OKLAHOMA,147.0,23.771666666666665,16.169999999999998
2015,OKLAHOMA,129.0,22.916666666666668,32.09
2016,OKLAHOMA,121.0,23.91,19.29
2017,OKLAHOMA,126.0,23.375,24.240000000000002
2018,OKLAHOMA,134.0,23.71666666666667,22.950000000000003
2019,OKLAHOMA,137.0,23.496666666666666,28.52
2020,OKLAHOMA,135.0,22.761666666666667,18.23
2021,OKLAHOMA,150.0,23.396666666666665,20.2
2022,OKLAHOMA,122.0,25.356666666666666,17.66
2023,OKLAHOMA,149.0,24.453333333333333,19.54
2024,OKLAHOMA,98.0,25.141666666666666,17.57
2025,OKLAHOMA,128.0,23.395,28.82
2000,OREGON,180.0,11.366666666666667,8.79
2001,OREGON,140.0,11.756666666666668,9.11
2002,OREGON,160.0,11.893333333333333,7.27
2003,OREGON,170.0,12.424999999999999,8.26
2004,OREGON,170.0,12.24,11.98
2005,OREGON,160.0,11.591666666666667,11.56
2006,OREGON,180.0,12.401666666666666,7.7700000000000005
2007,OREGON,200.0,11.626666666666665,7.66
2008,OREGON,195.0,11.183333333333335,7.569999999999999
2009,OREGON,215.0,12.433333333333332,8.87
2010,OREGON,200.0,10.604999999999999,12.93
2011,OREGON,215.0,10.368333333333334,10.88
2012,OREGON,205.0,11.656666666666666,10.65
2013,OREGON,188.0,12.141666666666666,13.29
2014,OREGON,190.0,12.631666666666668,10.57
2015,OREGON,188.0,13.056666666666667,5.48
2016,OREGON,230.0,12.51,6.76
2017,OREGON,212.0,12.770000000000001,10.11
2018,OREGON,195.0,12.843333333333334,6.51
2019,OREGON,237.0,12.174999999999999,11.33
2020,OREGON,241.0,12.563333333333333,9.89
2021,OREGON,240.0,13.688333333333333,5.22
2022,OREGON,237.0,12.458333333333334,13.2
2023,OREGON,214.0,13.165,7.96
2024,OREGON,208.0,12.811666666666667,8.04
2000,PENNSYLVANIA,127.0,17.518333333333334,18.310000000000002
2001,PENNSYLVANIA,98.0,18.471666666666668,14.22
2002,PENNSYLVANIA,68.0,19.02,16.75
2003,PENNSYLVANIA,115.0,17.02,25.979999999999997
2004,PENNSYLVANIA,140.0,17.915,30.59
2005,PENNSYLVANIA,122.0,18.853333333333335,12.93
2006,PENNSYLVANIA,122.0,17.991666666666667,20.06
2007,PENNSYLVANIA,124.0,18.25166666666667,15.889999999999999
2008,PENNSYLVANIA,133.0,17.85,20.21
2009,PENNSYLVANIA,142.0,17.391666666666666,20.62
2010,PENNSYLVANIA,128.0,19.641666666666666,18.54
2011,PENNSYLVANIA,111.0,18.671666666666667,30.61
2012,PENNSYLVANIA,131.0,18.84166666666667,19.97
2013,PENNSYLVANIA,146.0,18.128333333333334,14.96
2014,PENNSYLVANIA,154.0,17.503333333333334,19.46
2015,PENNSYLVANIA,147.0,18.985,19.310000000000002
2016,PENNSYLVANIA,129.0,19.211666666666666,14.489999999999998
2017,PENNSYLVANIA,161.0,18.393333333333334,18.93
2018,PENNSYLVANIA,140.0,18.19333333333333,33.18
2019,PENNSYLVANIA,153.0,19.05333333333333,19.03
2020,PENNSYLVANIA,138.0,18.276666666666667,14.74
2021,PENNSYLVANIA,169.0,18.793333333333333,24.47
2022,PENNSYLVANIA,140.0,18.611666666666668,19.03
2023,PENNSYLVANIA,157.0,18.451666666666664,17.85
2024,PENNSYLVANIA,138.0,19.341666666666665,23.03
2025,PENNSYLVANIA,150.0,19.195,20.39
2000,RHODE ISLAND,18.0,16.19,19.92
2001,RHODE ISLAND,20.0,17.036666666666665,16.33
2002,RHODE ISLAND,16.5,17.333333333333332,15.79
2003,RHODE ISLAND,18.0,16.125,19.11
2004,RHODE ISLAND,20.0,16.505,21.76
2005,RHODE ISLAND,20.0,16.983333333333334,14.66
2006,RHODE ISLAND,20.5,16.778333333333332,24.27
2007,RHODE ISLAND,20.0,16.7,15.3
2008,RHODE ISLAND,20.5,17.138333333333332,20.92
2009,RHODE ISLAND,12.5,16.451666666666668,22.62
2010,RHODE ISLAND,21.0,18.265,14.25
2011,RHODE ISLAND,16.0,17.53,25.33
2012,RHODE ISLAND,20.0,18.12666666666667,19.16
2013,RHODE ISLAND,20.5,17.191666666666666,18.91
2014,RHODE ISLAND,20.0,16.91,14.3
2015,RHODE ISLAND,17.0,17.68,15.11
2016,RHODE ISLAND,18.5,17.67833333333333,14.379999999999999
2017,RHODE ISLAND,18.0,16.99,20.849999999999998
2018,RHODE ISLAND,21.0,17.451666666666668,20.42
2019,RHODE ISLAND,20.0,17.246666666666666,21.7
2020,RHODE ISLAND,13.0,17.37,13.24
2021,RHODE ISLAND,21.0,17.841666666666665,23.990000000000002
2022,RHODE ISLAND,16.0,18.078333333333333,15.579999999999998
2023,RHODE ISLAND,21.0,17.73,24.64
2024,RHODE ISLAND,18.0,17.606666666666666,20.68
2000,SOUTH CAROLINA,65.0,23.96166666666667,19.4
2001,SOUTH CAROLINA,108.0,23.863333333333333,14.57
2002,SOUTH CAROLINA,47.0,25.081666666666667,16.22
2003,SOUTH CAROLINA,105.0,22.638333333333332,26.990000000000002
2004,SOUTH CAROLINA,100.0,24.236666666666665,23.96
2005,SOUTH CAROLINA,114.0,23.558333333333334,20.77
2006,SOUTH CAROLINA,110.0,24.235,20.91
2007,SOUTH CAROLINA,97.0,24.353333333333335,14.05
2008,SOUTH CAROLINA,63.0,23.83,19.38
2009,SOUTH CAROLINA,111.0,23.751666666666665,19.04
2010,SOUTH CAROLINA,84.0,25.14833333333333,19.46
2011,SOUTH CAROLINA,65.0,25.255,17.87
2012,SOUTH CAROLINA,122.0,24.028333333333332,21.87
2013,SOUTH CAROLINA,129.0,22.308333333333334,27.3
2014,SOUTH CAROLINA,117.0,23.733333333333334,19.92
2015,SOUTH CAROLINA,93.0,24.731666666666666,18.61
2016,SOUTH CAROLINA,127.0,24.481666666666666,21.29
2017,SOUTH CAROLINA,136.0,24.326666666666668,22.689999999999998
2018,SOUTH CAROLINA,127.0,24.736666666666665,23.04
2019,SOUTH CAROLINA,106.0,25.376666666666665,16.25
2020,SOUTH CAROLINA,132.0,23.45,23.77
2021,SOUTH CAROLINA,139.0,23.541666666666668,19.85
2022,SOUTH CAROLINA,122.0,24.441666666666666,20.92
2023,SOUTH CAROLINA,150.0,23.53333333333333,24.36
2024,SOUTH CAROLINA,101.0,24.515,27.02
2025,SOUTH CAROLINA,155.0,24.498333333333335,22.25
2000,SOUTH DAKOTA,112.0,18.313333333333333,11.55
2001,SOUTH DAKOTA,109.0,18.746666666666666,13.96
2002,SOUTH DAKOTA,95.0,18.830000000000002,9.96
2003,SOUTH DAKOTA,111.0,18.401666666666667,11.8
2004,SOUTH DAKOTA,130.0,17.24833333333333,17.29
2005,SOUTH DAKOTA,119.0,18.89,15.18
2006,SOUTH DAKOTA,97.0,19.51,10.95
2007,SOUTH DAKOTA,121.0,18.386666666666667,16.81
2008,SOUTH DAKOTA,133.0,17.041666666666668,15.26
2009,SOUTH DAKOTA,151.0,16.523333333333333,12.61
2010,SOUTH DAKOTA,135.0,17.695,19.6
2011,SOUTH DAKOTA,132.0,16.92833333333333,17.08
2012,SOUTH DAKOTA,101.0,19.808333333333334,10.35
2013,SOUTH DAKOTA,137.0,17.441666666666666,14.73
2014,SOUTH DAKOTA,148.0,17.083333333333332,12.98
2015,SOUTH DAKOTA,159.0,18.573333333333334,15.71
2016,SOUTH DAKOTA,161.0,18.705,14.19
2017,SOUTH DAKOTA,145.0,18.423333333333332,12.03
2018,SOUTH DAKOTA,160.0,18.276666666666667,12.39
2019,SOUTH DAKOTA,144.0,16.593333333333334,22.82
2020,SOUTH DAKOTA,162.0,17.843333333333334,11.99
2021,SOUTH DAKOTA,134.0,19.481666666666666,10.870000000000001
2022,SOUTH DAKOTA,132.0,18.37,13.03
2023,SOUTH DAKOTA,152.0,19.255,13.97
2024,SOUTH DAKOTA,164.0,18.790000000000003,14.33
2025,SOUTH DAKOTA,173.0,18.836666666666666,15.709999999999999
2000,TENNESSEE,114.0,22.275000000000002,18.05
2001,TENNESSEE,132.0,21.67833333333333,20.27
2002,TENNESSEE,107.0,22.618333333333336,18.73
2003,TENNESSEE,131.0,21.238333333333333,27.92
2004,TENNESSEE,140.0,21.088333333333335,23.95
2005,TENNESSEE,130.0,22.261666666666667,20.18
2006,TENNESSEE,125.0,22.521666666666665,18.03
2007,TENNESSEE,106.0,23.313333333333333,12.79
2008,TENNESSEE,118.0,22.03,17.09
2009,TENNESSEE,148.0,21.246666666666666,27.64
2010,TENNESSEE,117.0,23.406666666666666,21.92
2011,TENNESSEE,131.0,22.42833333333333,26.240000000000002
2012,TENNESSEE,85.0,22.691666666666666,19.91
2013,TENNESSEE,156.0,20.965,27.35
2014,TENNESSEE,168.0,21.721666666666664,21.46
2015,TENNESSEE,160.0,22.01,22.03
2016,TENNESSEE,151.0,22.834999999999997,17.54
2017,TENNESSEE,171.0,21.905,27.3
2018,TENNESSEE,168.0,22.521666666666665,23.259999999999998
2019,TENNESSEE,177.0,23.206666666666667,21.45
2020,TENNESSEE,170.0,21.088333333333335,27.97
2021,TENNESSEE,170.0,21.156666666666666,27.7
2022,TENNESSEE,130.0,22.41,20.44
2023,TENNESSEE,173.0,21.95,19.67
2024,TENNESSEE,152.0,23.11,21.43
2025,TENNESSEE,160.0,22.808333333333334,26.17
2000,TEXAS,124.0,27.148333333333337,11.8
2001,TEXAS,118.0,25.99,13.72
2002,TEXAS,113.0,26.28333333333333,14.809999999999999
2003,TEXAS,118.0,26.166666666666668,11.42
2004,TEXAS,139.0,25.005,20.29
2005,TEXAS,114.0,26.064999999999998,11.73
2006,TEXAS,121.0,26.651666666666667,11.37
2007,TEXAS,148.0,23.808333333333334,25.79
2008,TEXAS,118.0,26.27,11.25
2009,TEXAS,124.0,26.423333333333332,15.5
2010,TEXAS,144.0,26.294999999999998,15.78
2011,TEXAS,91.0,28.973333333333333,4.34
2012,TEXAS,129.0,26.83,11.620000000000001
2013,TEXAS,136.0,26.191666666666666,14.68
2014,TEXAS,148.0,25.76833333333333,14.7
2015,TEXAS,135.0,26.325,16.24
2016,TEXAS,127.0,25.47666666666667,23.86
2017,TEXAS,140.0,26.036666666666665,16.54
2018,TEXAS,108.0,26.781666666666666,13.58
2019,TEXAS,133.0,26.498333333333335,15.28
2020,TEXAS,128.0,25.936666666666667,16.16
2021,TEXAS,128.0,25.631666666666664,16.669999999999998
2022,TEXAS,95.0,28.573333333333334,8.35
2023,TEXAS,122.0,28.30666666666667,9.87
2024,TEXAS,112.0,27.22,18.61
2025,TEXAS,129.0,26.785,20.03
2000,UTAH,144.0,18.408333333333335,5.41
2001,UTAH,142.0,18.566666666666666,4.82
2002,UTAH,142.0,18.366666666666667,5.119999999999999
2003,UTAH,155.0,18.013333333333332,6.07
2004,UTAH,155.0,17.35833333333333,4.92
2005,UTAH,163.0,16.593333333333334,7.32
2006,UTAH,157.0,17.80333333333333,6.28
2007,UTAH,150.0,18.516666666666666,5.859999999999999
2008,UTAH,157.0,16.476666666666667,5.18
2009,UTAH,150.0,16.635,9.08
2010,UTAH,178.0,16.24833333333333,7.72
2011,UTAH,164.0,15.725,10.8
2012,UTAH,167.0,18.566666666666666,5.11
2013,UTAH,170.0,17.533333333333335,8.35
2014,UTAH,160.0,17.645,8.18
2015,UTAH,173.0,17.84,8.38
2016,UTAH,175.0,18.213333333333335,5.5600000000000005
2017,UTAH,176.0,17.716666666666665,5.59
2018,UTAH,182.0,19.04,5.06
2019,UTAH,143.0,16.99,7.2700000000000005
2020,UTAH,149.0,18.779999999999998,2.4699999999999998
2021,UTAH,179.0,19.141666666666666,5.28
2022,UTAH,165.0,18.42,4.88
2023,UTAH,185.0,17.661666666666665,5.55
2024,UTAH,167.0,18.675,5.43
2000,VERMONT,16.5,12.646666666666667,21.0
2001,VERMONT,19.0,13.61,12.77
2002,VERMONT,16.0,13.805,19.65
2003,VERMONT,18.5,13.51,20.169999999999998
2004,VERMONT,19.5,13.576666666666666,22.81
2005,VERMONT,20.5,14.331666666666669,20.23
2006,VERMONT,13.0,13.661666666666667,24.77
2007,VERMONT,19.0,13.381666666666668,17.759999999999998
2008,VERMONT,19.0,13.851666666666667,21.71
2009,VERMONT,17.0,13.136666666666668,21.13
2010,VERMONT,18.5,14.703333333333333,19.919999999999998
2011,VERMONT,15.0,14.386666666666665,29.580000000000002
2012,VERMONT,19.0,14.268333333333333,20.009999999999998
2013,VERMONT,15.0,13.808333333333332,26.080000000000002
2014,VERMONT,18.0,13.525,18.27
2015,VERMONT,17.0,14.241666666666667,20.66
2016,VERMONT,20.0,13.851666666666667,15.51
2017,VERMONT,16.5,13.956666666666665,22.8
2018,VERMONT,19.0,14.25,18.79
2019,VERMONT,18.0,13.713333333333333,21.0
2020,VERMONT,19.0,13.821666666666667,14.68
2021,VERMONT,19.0,14.661666666666667,18.6
2022,VERMONT,19.0,14.316666666666668,17.94
2023,VERMONT,17.0,14.315,24.87
2024,VERMONT,19.0,15.028333333333334,21.919999999999998
2000,VIRGINIA,146.0,20.393333333333334,20.9
2001,VIRGINIA,123.0,20.603333333333335,15.54
2002,VIRGINIA,68.0,21.973333333333333,15.06
2003,VIRGINIA,115.0,19.68166666666667,33.51
2004,VIRGINIA,145.0,20.873333333333335,26.060000000000002
2005,VIRGINIA,118.0,21.375,13.8
2006,VIRGINIA,120.0,21.016666666666666,20.23
2007,VIRGINIA,86.0,21.346666666666668,14.25
2008,VIRGINIA,108.0,21.093333333333334,20.96
2009,VIRGINIA,131.0,20.756666666666668,20.53
2010,VIRGINIA,67.0,22.636666666666667,16.4
2011,VIRGINIA,118.0,21.728333333333335,24.89
2012,VIRGINIA,103.0,21.506666666666664,17.009999999999998
2013,VIRGINIA,154.0,20.044999999999998,22.06
2014,VIRGINIA,145.0,20.613333333333333,17.63
2015,VIRGINIA,161.0,21.419999999999998,22.45
2016,VIRGINIA,148.0,21.445000000000004,23.85
2017,VIRGINIA,140.0,21.546666666666667,20.490000000000002
2018,VIRGINIA,146.0,21.55,30.92
2019,VIRGINIA,144.0,22.518333333333334,16.89
2020,VIRGINIA,122.0,20.733333333333334,26.839999999999996
2021,VIRGINIA,160.0,21.348333333333333,18.41
2022,VIRGINIA,167.0,21.82166666666667,14.69
2023,VIRGINIA,157.0,21.330000000000002,18.11
2024,VIRGINIA,114.0,22.168333333333333,17.11
2025,VIRGINIA,175.0,21.709999999999997,20.97
2000,WASHINGTON,185.0,8.155,15.79
2001,WASHINGTON,190.0,8.195,14.1
2002,WASHINGTON,190.0,8.495,13.879999999999999
2003,WASHINGTON,195.0,9.459999999999999,9.96
2004,WASHINGTON,200.0,10.058333333333334,18.65
2005,WASHINGTON,205.0,9.203333333333333,16.86
2006,WASHINGTON,210.0,9.333333333333334,12.08
2007,WASHINGTON,210.0,8.581666666666667,12.3
2008,WASHINGTON,205.0,7.68,14.469999999999999
2009,WASHINGTON,215.0,9.188333333333334,13.39
2010,WASHINGTON,205.0,7.698333333333333,22.0
2011,WASHINGTON,225.0,7.361666666666667,18.1
2012,WASHINGTON,215.0,8.571666666666667,15.23
2013,WASHINGTON,215.0,9.381666666666666,22.08
2014,WASHINGTON,215.0,9.836666666666668,17.14
2015,WASHINGTON,215.0,10.39,8.6
2016,WASHINGTON,235.0,9.706666666666667,11.709999999999999
2017,WASHINGTON,225.0,9.826666666666666,12.89
2018,WASHINGTON,220.0,9.785,13.05
2019,WASHINGTON,237.0,9.446666666666667,13.66
2020,WASHINGTON,228.0,9.111666666666666,17.61
2021,WASHINGTON,248.0,9.815,11.63
2022,WASHINGTON,220.0,9.135,17.849999999999998
2023,WASHINGTON,240.0,9.888333333333334,12.82
2024,WASHINGTON,235.0,9.126666666666667,15.62
2025,WASHINGTON,231.0,8.549999999999999,11.39
2000,WEST VIRGINIA,130.0,19.116666666666667,24.31
2001,WEST VIRGINIA,120.0,19.385,23.130000000000003
2002,WEST VIRGINIA,105.0,20.528333333333332,20.01
2003,WEST VIRGINIA,115.0,18.636666666666667,28.93
2004,WEST VIRGINIA,131.0,19.24,27.119999999999997
2005,WEST VIRGINIA,109.0,20.001666666666665,19.52
2006,WEST VIRGINIA,120.0,19.221666666666668,23.53
2007,WEST VIRGINIA,111.0,20.486666666666668,16.96
2008,WEST VIRGINIA,130.0,19.236666666666668,21.39
2009,WEST VIRGINIA,126.0,18.74833333333333,24.77
2010,WEST VIRGINIA,90.0,20.938333333333333,21.28
2011,WEST VIRGINIA,114.0,20.14,24.13
2012,WEST VIRGINIA,128.0,20.346666666666668,18.83
2013,WEST VIRGINIA,147.0,19.421666666666667,18.65
2014,WEST VIRGINIA,149.0,19.885,15.01
2015,WEST VIRGINIA,148.0,20.419999999999998,20.77
2016,WEST VIRGINIA,145.0,20.68,19.63
2017,WEST VIRGINIA,152.0,20.245,17.39
2018,WEST VIRGINIA,152.0,20.525000000000002,25.92
2019,WEST VIRGINIA,165.0,21.381666666666664,17.09
2020,WEST VIRGINIA,144.0,19.003333333333334,23.75
2021,WEST VIRGINIA,144.0,20.035,17.4
2022,WEST VIRGINIA,168.0,19.941666666666666,23.75
2023,WEST VIRGINIA,145.0,20.015,17.790000000000003
2024,WEST VIRGINIA,110.0,21.763333333333332,15.77
2000,WISCONSIN,132.0,15.353333333333333,22.07
2001,WISCONSIN,127.0,16.195,20.0
2002,WISCONSIN,135.0,15.76,21.04
2003,WISCONSIN,129.0,15.268333333333333,16.68
2004,WISCONSIN,136.0,14.825000000000001,18.18
2005,WISCONSIN,148.0,17.103333333333335,14.100000000000001
2006,WISCONSIN,143.0,16.69333333333333,14.96
2007,WISCONSIN,135.0,16.743333333333336,16.21
2008,WISCONSIN,137.0,15.176666666666668,17.77
2009,WISCONSIN,153.0,14.923333333333334,15.23
2010,WISCONSIN,162.0,16.87333333333333,27.54
2011,WISCONSIN,155.0,15.166666666666666,20.67
2012,WISCONSIN,120.0,16.756666666666664,14.22
2013,WISCONSIN,145.0,14.971666666666666,18.8
2014,WISCONSIN,156.0,14.688333333333333,23.34
2015,WISCONSIN,164.0,15.770000000000001,20.77
2016,WISCONSIN,178.0,16.025000000000002,21.189999999999998
2017,WISCONSIN,174.0,15.32,21.58
2018,WISCONSIN,172.0,15.633333333333333,23.729999999999997
2019,WISCONSIN,166.0,15.128333333333332,25.47
2020,WISCONSIN,173.0,14.976666666666667,19.34
2021,WISCONSIN,180.0,16.231666666666666,21.81
2022,WISCONSIN,180.0,15.481666666666667,19.53
2023,WISCONSIN,176.0,16.156666666666666,14.440000000000001
2024,WISCONSIN,174.0,16.546666666666667,25.029999999999998
2025,WISCONSIN,183.0,15.93,20.349999999999998
2000,WYOMING,132.0,15.346666666666666,5.47
2001,WYOMING,125.0,15.998333333333333,4.0
2002,WYOMING,119.0,14.950000000000001,4.58
2003,WYOMING,129.0,15.006666666666668,6.1
2004,WYOMING,131.0,13.593333333333334,7.7
2005,WYOMING,140.0,14.51,4.23
2006,WYOMING,129.0,15.648333333333333,3.8000000000000003
2007,WYOMING,129.0,15.608333333333333,5.6
2008,WYOMING,134.0,13.378333333333332,6.859999999999999
2009,WYOMING,140.0,13.436666666666667,7.2
2010,WYOMING,123.0,13.178333333333333,7.51
2011,WYOMING,130.0,13.71,6.59
2012,WYOMING,142.0,16.535,2.46
2013,WYOMING,127.0,14.895000000000001,6.52
2014,WYOMING,138.0,13.959999999999999,5.9
2015,WYOMING,159.0,14.75,8.290000000000001
2016,WYOMING,147.0,14.716666666666667,7.24
2017,WYOMING,155.0,14.325000000000001,7.33
2018,WYOMING,164.0,15.174999999999999,6.43
2019,WYOMING,123.0,13.958333333333334,9.62
2020,WYOMING,122.0,14.775,3.83
2021,WYOMING,132.0,15.284999999999998,6.86
2022,WYOMING,153.0,14.815,7.22
2023,WYOMING,153.0,14.401666666666666,9.53
2024,WYOMING,155.0,15.511666666666665,5.26
