State,Year,avg_temp_growing,total_rain_growing
ALABAMA,2000,24.488333333333333,12.83
ALABAMA,2001,22.758333333333336,22.849999999999998
ALABAMA,2002,24.525000000000002,19.07
ALABAMA,2003,22.995,31.73
ALABAMA,2004,23.205,22.15
ALABAMA,2005,23.218333333333334,26.54
ALABAMA,2006,24.418333333333333,16.72
ALABAMA,2007,24.570000000000004,12.95
ALABAMA,2008,23.483333333333334,23.11
ALABAMA,2009,22.945000000000004,29.66
ALABAMA,2010,24.80666666666667,19.77
ALABAMA,2011,24.366666666666664,19.36
ALABAMA,2012,23.945000000000004,20.62
ALABAMA,2013,22.616666666666664,25.13
ALABAMA,2014,23.14833333333333,21.28
ALABAMA,2015,23.84,21.54
ALABAMA,2016,24.27,16.59
ALABAMA,2017,23.28333333333333,28.44
ALABAMA,2018,23.973333333333333,25.11
ALABAMA,2019,24.755,17.06
ALABAMA,2020,23.031666666666666,20.5
ALABAMA,2021,22.92833333333333,25.72
ALABAMA,2022,23.858333333333334,21.78
ALABAMA,2023,23.923333333333332,19.64
ALABAMA,2024,24.721666666666668,20.84
ALABAMA,2025,24.39,25.16
ARIZONA,2000,27.135,3.28
ARIZONA,2001,26.448333333333334,5.73
ARIZONA,2002,27.008333333333336,3.1100000000000003
ARIZONA,2003,26.156666666666666,3.9299999999999997
ARIZONA,2004,25.933333333333334,5.21
ARIZONA,2005,25.78333333333333,4.140000000000001
ARIZONA,2006,25.861666666666668,5.59
ARIZONA,2007,26.298333333333332,5.34
ARIZONA,2008,25.040000000000003,7.37
ARIZONA,2009,26.14,4.4
ARIZONA,2010,25.400000000000002,5.140000000000001
ARIZONA,2011,26.266666666666666,4.29
ARIZONA,2012,26.621666666666666,5.32
ARIZONA,2013,26.281666666666666,4.6
ARIZONA,2014,26.02333333333333,7.02
ARIZONA,2015,26.106666666666666,4.89
ARIZONA,2016,26.28833333333333,3.96
ARIZONA,2017,26.540000000000003,3.4600000000000004
ARIZONA,2018,27.56833333333333,3.9699999999999998
ARIZONA,2019,26.19666666666667,3.3
ARIZONA,2020,27.756666666666664,1.04
ARIZONA,2021,26.906666666666666,7.84
ARIZONA,2022,27.126666666666665,5.77
ARIZONA,2023,27.155,1.96
ARIZONA,2024,27.724999999999998,2.5100000000000002
ARIZONA,2025,26.995,6.33
ARKANSAS,2000,24.74,15.200000000000001
ARKANSAS,2001,24.291666666666668,13.94
ARKANSAS,2002,23.808333333333334,15.46
ARKANSAS,2003,23.063333333333333,22.07
ARKANSAS,2004,23.064999999999998,18.65
ARKANSAS,2005,24.496666666666666,16.02
ARKANSAS,2006,24.478333333333335,18.2
ARKANSAS,2007,23.425,19.55
ARKANSAS,2008,22.558333333333334,30.27
ARKANSAS,2009,22.026666666666667,35.74
ARKANSAS,2010,25.123333333333335,18.5
ARKANSAS,2011,24.501666666666665,25.16
ARKANSAS,2012,25.108333333333334,14.03
ARKANSAS,2013,23.39833333333333,17.45
ARKANSAS,2014,22.688333333333333,20.79
ARKANSAS,2015,23.743333333333336,24.79
ARKANSAS,2016,23.828333333333333,22.4
ARKANSAS,2017,23.30666666666667,25.7
ARKANSAS,2018,23.91,23.61
ARKANSAS,2019,23.95,29.41
ARKANSAS,2020,22.386666666666667,30.630000000000003
ARKANSAS,2021,23.231666666666666,21.76
ARKANSAS,2022,24.218333333333334,20.59
ARKANSAS,2023,24.271666666666665,17.62
ARKANSAS,2024,24.311666666666667,19.35
ARKANSAS,2025,24.208333333333332,30.38
CALIFORNIA,2000,24.973333333333333,1.7
CALIFORNIA,2001,25.221666666666664,2.8600000000000003
CALIFORNIA,2002,24.939999999999998,1.38
CALIFORNIA,2003,24.846666666666664,3.5700000000000003
CALIFORNIA,2004,25.241666666666664,1.28
CALIFORNIA,2005,24.035,3.94
CALIFORNIA,2006,24.828333333333333,4.73
CALIFORNIA,2007,24.766666666666666,2.6799999999999997
CALIFORNIA,2008,25.375,0.37
CALIFORNIA,2009,25.459999999999997,1.45
CALIFORNIA,2010,23.145,2.9099999999999997
CALIFORNIA,2011,23.406666666666666,1.62
CALIFORNIA,2012,25.275000000000002,2.34
CALIFORNIA,2013,25.691666666666666,0.6900000000000001
CALIFORNIA,2014,26.126666666666665,1.29
CALIFORNIA,2015,25.715,1.82
CALIFORNIA,2016,25.595,1.3800000000000001
CALIFORNIA,2017,25.998333333333335,1.71
CALIFORNIA,2018,25.945000000000004,1.1300000000000001
CALIFORNIA,2019,25.156666666666666,2.7
CALIFORNIA,2020,25.493333333333336,3.21
CALIFORNIA,2021,26.45,0.26
CALIFORNIA,2022,26.546666666666667,1.1199999999999999
CALIFORNIA,2023,23.986666666666665,2.38
CALIFORNIA,2024,26.221666666666668,1.3
CALIFORNIA,2025,25.676666666666666,1.34
COLORADO,2000,15.385,8.77
COLORADO,2001,15.15,9.34
COLORADO,2002,15.835,5.279999999999999
COLORADO,2003,14.636666666666665,8.48
COLORADO,2004,13.746666666666668,12.020000000000001
COLORADO,2005,14.718333333333334,7.89
COLORADO,2006,14.753333333333332,10.04
COLORADO,2007,14.451666666666666,11.41
COLORADO,2008,13.988333333333335,7.99
COLORADO,2009,13.391666666666666,12.06
COLORADO,2010,14.65,7.909999999999999
COLORADO,2011,14.618333333333334,9.54
COLORADO,2012,16.044999999999998,8.07
COLORADO,2013,14.085,12.76
COLORADO,2014,13.785000000000002,11.02
COLORADO,2015,13.993333333333332,13.600000000000001
COLORADO,2016,14.263333333333334,9.559999999999999
COLORADO,2017,14.061666666666667,12.26
COLORADO,2018,15.75,6.8500000000000005
COLORADO,2019,14.525,8.63
COLORADO,2020,15.193333333333333,6.46
COLORADO,2021,15.020000000000001,10.25
COLORADO,2022,15.218333333333334,9.42
COLORADO,2023,14.39,14.71
COLORADO,2024,15.5,8.29
COLORADO,2025,15.040000000000001,11.56
CONNECTICUT,2000,16.56833333333333,19.62
CONNECTICUT,2001,17.775000000000002,16.03
CONNECTICUT,2002,18.308333333333334,15.86
CONNECTICUT,2003,16.766666666666666,20.61
CONNECTICUT,2004,17.533333333333335,23.18
CONNECTICUT,2005,18.216666666666665,14.48
CONNECTICUT,2006,17.258333333333333,26.23
CONNECTICUT,2007,17.46666666666667,16.73
CONNECTICUT,2008,17.588333333333335,22.5
CONNECTICUT,2009,16.876666666666665,22.73
CONNECTICUT,2010,18.95,14.42
CONNECTICUT,2011,18.078333333333333,28.830000000000002
CONNECTICUT,2012,18.49833333333333,19.73
CONNECTICUT,2013,17.55333333333333,19.439999999999998
CONNECTICUT,2014,17.355,15.579999999999998
CONNECTICUT,2015,18.44,15.11
CONNECTICUT,2016,18.346666666666668,13.91
CONNECTICUT,2017,17.733333333333334,18.13
CONNECTICUT,2018,17.973333333333333,25.21
CONNECTICUT,2019,17.963333333333335,21.59
CONNECTICUT,2020,17.988333333333333,15.34
CONNECTICUT,2021,18.14,26.52
CONNECTICUT,2022,18.516666666666666,17.4
CONNECTICUT,2023,18.033333333333335,27.64
CONNECTICUT,2024,18.12666666666667,21.84
CONNECTICUT,2025,18.438333333333333,17.79
DELAWARE,2000,18.86,22.339999999999996
DELAWARE,2001,19.823333333333334,17.5
DELAWARE,2002,21.161666666666665,16.37
DELAWARE,2003,18.746666666666666,26.96
DELAWARE,2004,20.081666666666667,26.14
DELAWARE,2005,20.503333333333334,14.89
DELAWARE,2006,20.276666666666667,21.05
DELAWARE,2007,20.23,15.72
DELAWARE,2008,20.294999999999998,18.96
DELAWARE,2009,19.401666666666667,26.11
DELAWARE,2010,21.651666666666667,18.130000000000003
DELAWARE,2011,21.113333333333333,28.46
DELAWARE,2012,21.108333333333334,16.88
DELAWARE,2013,19.528333333333332,22.669999999999998
DELAWARE,2014,19.471666666666668,20.64
DELAWARE,2015,20.69666666666667,20.18
DELAWARE,2016,20.613333333333333,20.04
DELAWARE,2017,20.418333333333333,22.28
DELAWARE,2018,20.551666666666666,26.68
DELAWARE,2019,21.294999999999998,20.03
DELAWARE,2020,19.983333333333334,23.57
DELAWARE,2021,20.836666666666666,19.1
DELAWARE,2022,20.915,18.66
DELAWARE,2023,20.49833333333333,23.240000000000002
DELAWARE,2024,21.375,16.72
DELAWARE,2025,21.041666666666668,19.799999999999997
FLORIDA,2000,26.26,23.59
FLORIDA,2001,25.43166666666667,32.26
FLORIDA,2002,26.223333333333333,33.01
FLORIDA,2003,25.406666666666666,34.42
FLORIDA,2004,26.064999999999998,35.85
FLORIDA,2005,25.5,27.91
FLORIDA,2006,26.455000000000002,22.82
FLORIDA,2007,25.978333333333335,25.15
FLORIDA,2008,25.569999999999997,30.12
FLORIDA,2009,25.745,33.3
FLORIDA,2010,26.43166666666667,26.35
FLORIDA,2011,26.728333333333335,23.38
FLORIDA,2012,25.816666666666666,32.22
FLORIDA,2013,25.596666666666664,33.269999999999996
FLORIDA,2014,26.036666666666665,29.65
FLORIDA,2015,26.688333333333333,30.049999999999997
FLORIDA,2016,26.205,32.06
FLORIDA,2017,26.44,34.91
FLORIDA,2018,25.709999999999997,34.56
FLORIDA,2019,26.41333333333333,29.75
FLORIDA,2020,26.481666666666666,30.21
FLORIDA,2021,26.34,26.37
FLORIDA,2022,26.983333333333334,33.519999999999996
FLORIDA,2023,27.286666666666665,28.189999999999998
FLORIDA,2024,27.761666666666667,25.7
FLORIDA,2025,27.711666666666662,22.08
GEORGIA,2000,24.268333333333334,14.91
GEORGIA,2001,22.903333333333332,19.310000000000002
GEORGIA,2002,24.694999999999997,15.91
GEORGIA,2003,22.78,27.82
GEORGIA,2004,24.05,25.04
GEORGIA,2005,23.191666666666666,21.990000000000002
GEORGIA,2006,24.885,14.03
GEORGIA,2007,24.118333333333336,15.76
GEORGIA,2008,23.923333333333332,15.649999999999999
GEORGIA,2009,23.334999999999997,23.08
GEORGIA,2010,24.959999999999997,21.46
GEORGIA,2011,25.493333333333336,11.96
GEORGIA,2012,24.423333333333332,15.51
GEORGIA,2013,22.366666666666664,27.21
GEORGIA,2014,23.53333333333333,19.52
GEORGIA,2015,24.298333333333332,20.7
GEORGIA,2016,24.785,15.35
GEORGIA,2017,23.848333333333333,23.01
GEORGIA,2018,24.245,20.62
GEORGIA,2019,25.441666666666666,14.950000000000001
GEORGIA,2020,23.311666666666667,23.15
GEORGIA,2021,23.439999999999998,19.68
GEORGIA,2022,24.276666666666667,17.98
GEORGIA,2023,24.066666666666666,17.21
GEORGIA,2024,24.97,21.75
GEORGIA,2025,24.453333333333333,21.51
IDAHO,2000,9.598333333333333,4.43
IDAHO,2001,9.801666666666668,5.2700000000000005
IDAHO,2002,8.826666666666666,4.92
IDAHO,2003,9.663333333333334,5.46
IDAHO,2004,8.666666666666666,8.41
IDAHO,2005,8.206666666666667,9.58
IDAHO,2006,8.908333333333333,7.68
IDAHO,2007,9.826666666666666,5.68
IDAHO,2008,7.3933333333333335,3.52
IDAHO,2009,8.443333333333333,9.47
IDAHO,2010,6.935,8.89
IDAHO,2011,7.239999999999999,6.64
IDAHO,2012,9.681666666666667,4.85
IDAHO,2013,9.316666666666668,5.59
IDAHO,2014,8.503333333333334,7.66
IDAHO,2015,9.45,7.22
IDAHO,2016,8.881666666666666,5.27
IDAHO,2017,8.683333333333334,7.55
IDAHO,2018,8.983333333333334,6.28
IDAHO,2019,8.49,6.800000000000001
IDAHO,2020,8.761666666666667,7.710000000000001
IDAHO,2021,10.573333333333332,3.66
IDAHO,2022,9.188333333333334,7.33
IDAHO,2023,8.356666666666667,10.3
IDAHO,2024,9.665000000000001,4.57
IDAHO,2025,10.215,5.67
ILLINOIS,2000,19.216666666666665,18.23
ILLINOIS,2001,19.58666666666667,17.19
ILLINOIS,2002,19.256666666666668,21.31
ILLINOIS,2003,18.775000000000002,19.94
ILLINOIS,2004,18.97666666666667,17.4
ILLINOIS,2005,20.628333333333334,11.940000000000001
ILLINOIS,2006,19.433333333333334,17.89
ILLINOIS,2007,19.61,15.530000000000001
ILLINOIS,2008,18.150000000000002,26.39
ILLINOIS,2009,17.661666666666665,23.73
ILLINOIS,2010,20.246666666666666,23.349999999999998
ILLINOIS,2011,19.308333333333334,20.47
ILLINOIS,2012,21.006666666666668,13.16
ILLINOIS,2013,18.913333333333334,19.63
ILLINOIS,2014,18.533333333333335,21.68
ILLINOIS,2015,19.273333333333333,24.72
ILLINOIS,2016,19.541666666666668,24.060000000000002
ILLINOIS,2017,19.45,18.669999999999998
ILLINOIS,2018,19.786666666666665,18.43
ILLINOIS,2019,19.508333333333333,23.22
ILLINOIS,2020,18.593333333333334,19.689999999999998
ILLINOIS,2021,19.366666666666667,21.52
ILLINOIS,2022,19.330000000000002,16.42
ILLINOIS,2023,19.703333333333333,14.59
ILLINOIS,2024,20.088333333333335,20.71
ILLINOIS,2025,20.02,17.47
INDIANA,2000,18.71,22.07
INDIANA,2001,19.368333333333332,20.58
INDIANA,2002,19.326666666666664,22.02
INDIANA,2003,18.121666666666666,27.94
INDIANA,2004,18.708333333333332,19.68
INDIANA,2005,19.61,20.549999999999997
INDIANA,2006,18.525000000000002,22.91
INDIANA,2007,19.52,15.64
INDIANA,2008,18.19333333333333,23.89
INDIANA,2009,18.05666666666667,23.63
INDIANA,2010,20.405,21.63
INDIANA,2011,19.316666666666666,25.86
INDIANA,2012,20.171666666666667,15.969999999999999
INDIANA,2013,18.85833333333333,19.84
INDIANA,2014,18.470000000000002,20.94
INDIANA,2015,19.075,23.54
INDIANA,2016,19.59,22.33
INDIANA,2017,19.106666666666666,23.42
INDIANA,2018,19.631666666666668,22.04
INDIANA,2019,19.599999999999998,20.12
INDIANA,2020,18.790000000000003,15.5
INDIANA,2021,19.468333333333334,19.740000000000002
INDIANA,2022,19.535,16.47
INDIANA,2023,19.398333333333333,13.05
INDIANA,2024,20.513333333333332,20.64
INDIANA,2025,19.916666666666668,19.7
IOWA,2000,18.94,18.88
IOWA,2001,18.51666666666667,20.79
IOWA,2002,18.981666666666666,19.72
IOWA,2003,18.425,17.740000000000002
IOWA,2004,17.99,18.52
IOWA,2005,19.968333333333334,18.01
IOWA,2006,19.491666666666667,17.66
IOWA,2007,18.615,24.46
IOWA,2008,17.121666666666666,29.17
IOWA,2009,16.918333333333333,21.71
IOWA,2010,19.046666666666667,33.660000000000004
IOWA,2011,18.161666666666665,18.12
IOWA,2012,20.695,12.04
IOWA,2013,17.926666666666666,20.23
IOWA,2014,17.565,25.89
IOWA,2015,18.598333333333333,24.44
IOWA,2016,18.895,21.94
IOWA,2017,19.273333333333333,14.66
IOWA,2018,18.84,25.39
IOWA,2019,18.276666666666667,20.759999999999998
IOWA,2020,18.2,16.62
IOWA,2021,19.933333333333334,12.2
IOWA,2022,19.116666666666667,14.79
IOWA,2023,19.97,11.4
IOWA,2024,19.505,22.35
IOWA,2025,19.03,23.38
KANSAS,2000,22.605,12.58
KANSAS,2001,22.63,19.36
KANSAS,2002,22.425,16.05
KANSAS,2003,21.378333333333334,19.59
KANSAS,2004,20.641666666666666,20.91
KANSAS,2005,21.338333333333335,25.22
KANSAS,2006,22.598333333333333,16.96
KANSAS,2007,21.065,22.83
KANSAS,2008,19.925,25.45
KANSAS,2009,19.896666666666665,24.74
KANSAS,2010,22.314999999999998,23.47
KANSAS,2011,23.291666666666668,13.86
KANSAS,2012,23.78833333333333,11.860000000000001
KANSAS,2013,20.816666666666666,22.71
KANSAS,2014,21.755,18.68
KANSAS,2015,21.795,22.63
KANSAS,2016,21.756666666666664,26.259999999999998
KANSAS,2017,21.728333333333335,17.0
KANSAS,2018,22.416666666666668,19.77
KANSAS,2019,20.948333333333334,29.39
KANSAS,2020,20.81,18.0
KANSAS,2021,21.790000000000003,18.88
KANSAS,2022,22.659999999999997,17.97
KANSAS,2023,23.206666666666667,13.32
KANSAS,2024,22.939999999999998,18.34
KANSAS,2025,21.763333333333335,23.59
KENTUCKY,2000,20.263333333333332,19.31
KENTUCKY,2001,20.565,18.46
KENTUCKY,2002,21.261666666666667,20.16
KENTUCKY,2003,19.631666666666664,27.53
KENTUCKY,2004,19.608333333333334,29.33
KENTUCKY,2005,21.286666666666665,14.99
KENTUCKY,2006,20.536666666666665,23.48
KENTUCKY,2007,21.761666666666667,13.83
KENTUCKY,2008,20.466666666666665,16.04
KENTUCKY,2009,19.481666666666666,27.73
KENTUCKY,2010,21.69333333333333,23.71
KENTUCKY,2011,20.705000000000002,25.32
KENTUCKY,2012,21.383333333333336,18.259999999999998
KENTUCKY,2013,19.583333333333332,24.349999999999998
KENTUCKY,2014,20.388333333333332,20.43
KENTUCKY,2015,20.68,26.59
KENTUCKY,2016,21.025000000000002,22.51
KENTUCKY,2017,20.580000000000002,22.05
KENTUCKY,2018,20.905,26.48
KENTUCKY,2019,21.721666666666664,19.75
KENTUCKY,2020,19.801666666666666,22.55
KENTUCKY,2021,20.081666666666667,20.79
KENTUCKY,2022,20.798333333333332,20.439999999999998
KENTUCKY,2023,20.613333333333333,16.13
KENTUCKY,2024,21.650000000000002,22.43
KENTUCKY,2025,21.135,25.490000000000002
LOUISIANA,2000,26.445000000000004,17.38
LOUISIANA,2001,24.508333333333336,27.490000000000002
LOUISIANA,2002,25.728333333333335,19.89
LOUISIANA,2003,25.186666666666667,18.88
LOUISIANA,2004,24.118333333333336,31.18
LOUISIANA,2005,26.16333333333333,18.990000000000002
LOUISIANA,2006,26.03333333333333,18.34
LOUISIANA,2007,24.675,24.95
LOUISIANA,2008,25.10666666666667,30.61
LOUISIANA,2009,25.39,20.82
LOUISIANA,2010,26.373333333333335,19.06
LOUISIANA,2011,26.86,17.9
LOUISIANA,2012,25.13,24.83
LOUISIANA,2013,24.925,23.29
LOUISIANA,2014,24.221666666666664,27.66
LOUISIANA,2015,25.439999999999998,25.61
LOUISIANA,2016,25.13,28.77
LOUISIANA,2017,24.323333333333334,31.94
LOUISIANA,2018,25.838333333333335,20.97
LOUISIANA,2019,25.474999999999998,27.759999999999998
LOUISIANA,2020,24.566666666666666,28.18
LOUISIANA,2021,24.083333333333332,39.54
LOUISIANA,2022,25.855,24.150000000000002
LOUISIANA,2023,27.311666666666667,14.87
LOUISIANA,2024,25.778333333333332,27.73
LOUISIANA,2025,26.046666666666667,23.62
MAINE,2000,13.811666666666667,18.56
MAINE,2001,15.725,11.51
MAINE,2002,15.021666666666667,18.14
MAINE,2003,14.575000000000001,15.87
MAINE,2004,14.151666666666666,18.21
MAINE,2005,14.706666666666665,22.77
MAINE,2006,14.713333333333333,23.3
MAINE,2007,14.31,18.62
MAINE,2008,14.455,24.21
MAINE,2009,14.15,25.31
MAINE,2010,15.916666666666666,16.89
MAINE,2011,14.89,22.380000000000003
MAINE,2012,15.308333333333332,25.21
MAINE,2013,14.608333333333334,24.77
MAINE,2014,14.453333333333333,21.54
MAINE,2015,15.176666666666668,22.15
MAINE,2016,15.13,13.77
MAINE,2017,15.141666666666666,18.13
MAINE,2018,15.410000000000002,18.1
MAINE,2019,14.313333333333333,22.47
MAINE,2020,15.19,15.35
MAINE,2021,15.976666666666667,18.71
MAINE,2022,15.666666666666666,18.13
MAINE,2023,15.094999999999999,25.48
MAINE,2024,15.951666666666666,18.23
MAINE,2025,15.573333333333332,16.43
MARYLAND,2000,19.163333333333334,24.03
MARYLAND,2001,20.076666666666664,19.18
MARYLAND,2002,21.694999999999997,15.7
MARYLAND,2003,18.96,30.06
MARYLAND,2004,20.42833333333333,24.65
MARYLAND,2005,20.911666666666665,15.54
MARYLAND,2006,20.808333333333334,19.95
MARYLAND,2007,20.976666666666667,12.84
MARYLAND,2008,20.46,23.66
MARYLAND,2009,20.03833333333333,24.76
MARYLAND,2010,22.093333333333334,19.759999999999998
MARYLAND,2011,21.528333333333332,26.54
MARYLAND,2012,21.583333333333332,16.83
MARYLAND,2013,20.215,18.990000000000002
MARYLAND,2014,19.933333333333334,20.26
MARYLAND,2015,21.115,21.85
MARYLAND,2016,21.076666666666668,20.32
MARYLAND,2017,21.258333333333336,20.14
MARYLAND,2018,20.811666666666667,34.28
MARYLAND,2019,21.996666666666666,17.09
MARYLAND,2020,20.281666666666666,25.59
MARYLAND,2021,21.141666666666666,19.240000000000002
MARYLAND,2022,21.293333333333333,19.22
MARYLAND,2023,21.400000000000002,17.11
MARYLAND,2024,22.055000000000003,15.98
MARYLAND,2025,21.59,19.6
MASSACHUSETTS,2000,16.176666666666666,19.900000000000002
MASSACHUSETTS,2001,17.496666666666666,15.459999999999999
MASSACHUSETTS,2002,17.968333333333334,16.17
MASSACHUSETTS,2003,16.373333333333335,19.64
MASSACHUSETTS,2004,16.945,23.21
MASSACHUSETTS,2005,17.488333333333333,16.98
MASSACHUSETTS,2006,16.80333333333333,25.03
MASSACHUSETTS,2007,17.131666666666664,16.89
MASSACHUSETTS,2008,17.155,22.69
MASSACHUSETTS,2009,16.463333333333335,23.29
MASSACHUSETTS,2010,18.7,14.74
MASSACHUSETTS,2011,17.611666666666668,25.34
MASSACHUSETTS,2012,18.073333333333334,19.74
MASSACHUSETTS,2013,17.298333333333332,21.12
MASSACHUSETTS,2014,17.046666666666667,15.44
MASSACHUSETTS,2015,18.085,16.09
MASSACHUSETTS,2016,18.043333333333333,12.83
MASSACHUSETTS,2017,17.165,21.18
MASSACHUSETTS,2018,17.773333333333333,21.22
MASSACHUSETTS,2019,17.275000000000002,21.83
MASSACHUSETTS,2020,17.705,13.75
MASSACHUSETTS,2021,17.771666666666665,27.200000000000003
MASSACHUSETTS,2022,18.400000000000002,14.780000000000001
MASSACHUSETTS,2023,17.503333333333334,26.580000000000002
MASSACHUSETTS,2024,17.78,18.93
MASSACHUSETTS,2025,17.983333333333334,18.35
MICHIGAN,2000,16.13,19.47
MICHIGAN,2001,16.895,16.26
MICHIGAN,2002,16.875,14.54
MICHIGAN,2003,16.018333333333334,13.370000000000001
MICHIGAN,2004,16.205,15.74
MICHIGAN,2005,17.93166666666667,11.29
MICHIGAN,2006,17.25,13.9
MICHIGAN,2007,17.21,14.88
MICHIGAN,2008,16.541666666666668,17.86
MICHIGAN,2009,15.286666666666667,17.23
MICHIGAN,2010,17.648333333333333,17.54
MICHIGAN,2011,16.294999999999998,21.1
MICHIGAN,2012,17.315,15.39
MICHIGAN,2013,15.875,18.830000000000002
MICHIGAN,2014,15.606666666666667,19.09
MICHIGAN,2015,16.601666666666667,17.32
MICHIGAN,2016,17.03833333333333,16.09
MICHIGAN,2017,16.728333333333335,15.27
MICHIGAN,2018,16.635,18.65
MICHIGAN,2019,16.026666666666667,18.9
MICHIGAN,2020,16.135,16.93
MICHIGAN,2021,17.281666666666666,18.48
MICHIGAN,2022,16.641666666666666,15.43
MICHIGAN,2023,16.701666666666668,14.59
MICHIGAN,2024,18.021666666666665,15.07
MICHIGAN,2025,17.276666666666667,13.79
MINNESOTA,2000,16.456666666666667,14.059999999999999
MINNESOTA,2001,16.631666666666668,19.35
MINNESOTA,2002,16.311666666666667,22.16
MINNESOTA,2003,16.436666666666667,16.67
MINNESOTA,2004,15.839999999999998,18.009999999999998
MINNESOTA,2005,18.176666666666666,12.82
MINNESOTA,2006,18.551666666666666,9.129999999999999
MINNESOTA,2007,18.156666666666666,12.75
MINNESOTA,2008,16.001666666666665,16.29
MINNESOTA,2009,15.835,12.47
MINNESOTA,2010,17.205000000000002,23.5
MINNESOTA,2011,15.991666666666667,19.33
MINNESOTA,2012,17.773333333333333,16.98
MINNESOTA,2013,16.223333333333333,15.26
MINNESOTA,2014,15.566666666666668,22.33
MINNESOTA,2015,16.919999999999998,19.740000000000002
MINNESOTA,2016,16.94333333333333,21.13
MINNESOTA,2017,16.19666666666667,19.85
MINNESOTA,2018,16.456666666666667,17.96
MINNESOTA,2019,15.741666666666667,23.729999999999997
MINNESOTA,2020,16.073333333333334,14.57
MINNESOTA,2021,17.959999999999997,13.370000000000001
MINNESOTA,2022,16.651666666666667,17.06
MINNESOTA,2023,17.650000000000002,13.99
MINNESOTA,2024,17.05666666666667,24.09
MINNESOTA,2025,17.066666666666666,19.7
MISSISSIPPI,2000,25.06833333333333,15.52
MISSISSIPPI,2001,23.583333333333332,24.55
MISSISSIPPI,2002,24.923333333333332,21.34
MISSISSIPPI,2003,23.53,30.36
MISSISSIPPI,2004,23.265,23.92
MISSISSIPPI,2005,23.89,26.91
MISSISSIPPI,2006,25.150000000000002,14.120000000000001
MISSISSIPPI,2007,24.37,17.75
MISSISSIPPI,2008,23.75,27.14
MISSISSIPPI,2009,23.695000000000004,25.46
MISSISSIPPI,2010,25.478333333333335,18.23
MISSISSIPPI,2011,24.965,23.369999999999997
MISSISSIPPI,2012,24.198333333333334,26.18
MISSISSIPPI,2013,23.49,24.54
MISSISSIPPI,2014,23.551666666666666,23.81
MISSISSIPPI,2015,24.741666666666664,17.22
MISSISSIPPI,2016,25.054999999999996,16.2
MISSISSIPPI,2017,23.816666666666666,28.21
MISSISSIPPI,2018,24.581666666666667,24.54
MISSISSIPPI,2019,24.885,25.34
MISSISSIPPI,2020,23.463333333333335,26.490000000000002
MISSISSIPPI,2021,23.12,33.76
MISSISSIPPI,2022,24.786666666666665,22.81
MISSISSIPPI,2023,24.84,22.81
MISSISSIPPI,2024,24.881666666666664,23.36
MISSISSIPPI,2025,24.915000000000003,25.48
MISSOURI,2000,21.78,17.580000000000002
MISSOURI,2001,21.724999999999998,22.74
MISSOURI,2002,21.561666666666667,21.28
MISSOURI,2003,20.941666666666666,21.62
MISSOURI,2004,20.18,20.830000000000002
MISSOURI,2005,21.985,21.35
MISSOURI,2006,22.003333333333334,14.96
MISSOURI,2007,21.453333333333333,18.93
MISSOURI,2008,19.540000000000003,32.58
MISSOURI,2009,19.76,25.78
MISSOURI,2010,21.885,29.1
MISSOURI,2011,21.736666666666668,21.24
MISSOURI,2012,23.093333333333334,13.14
MISSOURI,2013,20.276666666666667,22.54
MISSOURI,2014,21.03,18.91
MISSOURI,2015,21.23,24.62
MISSOURI,2016,21.554999999999996,24.12
MISSOURI,2017,21.316666666666666,24.88
MISSOURI,2018,22.396666666666665,13.96
MISSOURI,2019,21.679999999999996,22.68
MISSOURI,2020,20.398333333333333,20.91
MISSOURI,2021,21.14,21.32
MISSOURI,2022,21.83,18.009999999999998
MISSOURI,2023,22.281666666666666,13.46
MISSOURI,2024,21.84166666666667,27.71
MISSOURI,2025,22.005,21.41
MONTANA,2000,11.376666666666667,10.68
MONTANA,2001,12.121666666666668,10.280000000000001
MONTANA,2002,10.338333333333333,12.86
MONTANA,2003,11.971666666666666,10.620000000000001
MONTANA,2004,10.286666666666667,13.23
MONTANA,2005,10.604999999999999,13.379999999999999
MONTANA,2006,11.988333333333335,13.93
MONTANA,2007,11.858333333333334,12.93
MONTANA,2008,9.856666666666667,13.23
MONTANA,2009,10.361666666666666,13.23
MONTANA,2010,9.186666666666667,19.689999999999998
MONTANA,2011,9.936666666666667,15.51
MONTANA,2012,12.021666666666667,9.799999999999999
MONTANA,2013,11.526666666666666,14.45
MONTANA,2014,10.69,14.66
MONTANA,2015,11.584999999999999,12.05
MONTANA,2016,11.4,13.01
MONTANA,2017,12.081666666666669,11.01
MONTANA,2018,10.888333333333334,15.68
MONTANA,2019,10.31,16.21
MONTANA,2020,10.788333333333334,12.7
MONTANA,2021,12.068333333333333,10.45
MONTANA,2022,11.538333333333332,12.01
MONTANA,2023,11.716666666666667,17.67
MONTANA,2024,11.916666666666666,14.28
MONTANA,2025,12.378333333333332,11.93
NEBRASKA,2000,20.970000000000002,11.16
NEBRASKA,2001,20.650000000000002,15.8
NEBRASKA,2002,21.186666666666667,11.15
NEBRASKA,2003,19.968333333333334,15.030000000000001
NEBRASKA,2004,19.773333333333333,16.5
NEBRASKA,2005,20.576666666666664,16.54
NEBRASKA,2006,20.633333333333336,17.259999999999998
NEBRASKA,2007,19.586666666666666,22.12
NEBRASKA,2008,18.085,22.37
NEBRASKA,2009,18.224999999999998,16.470000000000002
NEBRASKA,2010,19.781666666666666,20.95
NEBRASKA,2011,19.223333333333333,18.97
NEBRASKA,2012,22.188333333333333,8.65
NEBRASKA,2013,19.643333333333334,17.09
NEBRASKA,2014,19.09,20.54
NEBRASKA,2015,19.608333333333334,21.56
NEBRASKA,2016,20.105,18.49
NEBRASKA,2017,19.815,19.32
NEBRASKA,2018,19.56833333333333,18.94
NEBRASKA,2019,18.958333333333332,22.1
NEBRASKA,2020,19.06,13.01
NEBRASKA,2021,20.044999999999998,13.89
NEBRASKA,2022,20.933333333333334,13.0
NEBRASKA,2023,21.39833333333333,11.34
NEBRASKA,2024,20.778333333333332,17.03
NEBRASKA,2025,20.34,19.11
NEVADA,2000,16.81,2.64
NEVADA,2001,17.19333333333333,2.2800000000000002
NEVADA,2002,17.19666666666667,1.31
NEVADA,2003,16.733333333333334,3.21
NEVADA,2004,16.458333333333332,1.89
NEVADA,2005,15.56,3.27
NEVADA,2006,16.748333333333335,1.97
NEVADA,2007,16.958333333333332,2.89
NEVADA,2008,16.19,1.59
NEVADA,2009,16.236666666666668,2.87
NEVADA,2010,15.344999999999999,1.42
NEVADA,2011,15.373333333333333,2.72
NEVADA,2012,17.169999999999998,3.25
NEVADA,2013,16.551666666666666,2.89
NEVADA,2014,16.648333333333333,3.37
NEVADA,2015,16.705000000000002,2.35
NEVADA,2016,16.753333333333334,2.73
NEVADA,2017,17.096666666666668,2.81
NEVADA,2018,17.78,2.19
NEVADA,2019,16.191666666666666,3.5
NEVADA,2020,17.698333333333334,1.75
NEVADA,2021,18.138333333333332,1.81
NEVADA,2022,17.596666666666668,3.0300000000000002
NEVADA,2023,16.231666666666666,4.800000000000001
NEVADA,2024,18.208333333333332,1.33
NEVADA,2025,17.896666666666665,2.25
NEW HAMPSHIRE,2000,13.69,18.27
NEW HAMPSHIRE,2001,14.815,12.33
NEW HAMPSHIRE,2002,15.195,16.02
NEW HAMPSHIRE,2003,14.5,18.98
NEW HAMPSHIRE,2004,14.5,23.13
NEW HAMPSHIRE,2005,15.156666666666666,22.2
NEW HAMPSHIRE,2006,14.628333333333332,27.1
NEW HAMPSHIRE,2007,14.321666666666667,19.1
NEW HAMPSHIRE,2008,14.763333333333334,22.98
NEW HAMPSHIRE,2009,14.143333333333333,22.76
NEW HAMPSHIRE,2010,15.791666666666666,15.64
NEW HAMPSHIRE,2011,15.328333333333333,26.09
NEW HAMPSHIRE,2012,15.283333333333333,21.51
NEW HAMPSHIRE,2013,14.845,24.67
NEW HAMPSHIRE,2014,14.523333333333333,19.240000000000002
NEW HAMPSHIRE,2015,15.299999999999999,20.240000000000002
NEW HAMPSHIRE,2016,15.076666666666668,13.99
NEW HAMPSHIRE,2017,14.948333333333332,21.61
NEW HAMPSHIRE,2018,15.338333333333333,21.08
NEW HAMPSHIRE,2019,14.75,19.53
NEW HAMPSHIRE,2020,14.964999999999998,15.08
NEW HAMPSHIRE,2021,15.631666666666668,22.55
NEW HAMPSHIRE,2022,15.388333333333334,17.72
NEW HAMPSHIRE,2023,15.328333333333333,26.8
NEW HAMPSHIRE,2024,15.853333333333333,18.41
NEW HAMPSHIRE,2025,15.451666666666668,18.72
NEW JERSEY,2000,17.835,22.53
NEW JERSEY,2001,19.005,16.310000000000002
NEW JERSEY,2002,19.868333333333332,17.97
NEW JERSEY,2003,17.706666666666667,24.43
NEW JERSEY,2004,19.041666666666668,23.5
NEW JERSEY,2005,19.88,12.72
NEW JERSEY,2006,18.995,21.759999999999998
NEW JERSEY,2007,18.613333333333333,23.66
NEW JERSEY,2008,19.081666666666667,19.98
NEW JERSEY,2009,18.186666666666667,24.79
NEW JERSEY,2010,20.43166666666667,14.629999999999999
NEW JERSEY,2011,19.573333333333334,32.59
NEW JERSEY,2012,19.794999999999998,19.5
NEW JERSEY,2013,18.41,22.01
NEW JERSEY,2014,18.456666666666667,19.74
NEW JERSEY,2015,19.651666666666667,16.4
NEW JERSEY,2016,19.55,17.16
NEW JERSEY,2017,18.923333333333332,22.18
NEW JERSEY,2018,19.2,27.6
NEW JERSEY,2019,19.38,23.71
NEW JERSEY,2020,18.845,20.63
NEW JERSEY,2021,19.258333333333333,25.740000000000002
NEW JERSEY,2022,19.816666666666666,18.04
NEW JERSEY,2023,19.25166666666667,26.25
NEW JERSEY,2024,19.778333333333332,18.54
NEW JERSEY,2025,19.675,18.82
NEW MEXICO,2000,19.991666666666667,5.55
NEW MEXICO,2001,19.37666666666667,5.3500000000000005
NEW MEXICO,2002,20.05,6.0200000000000005
NEW MEXICO,2003,19.546666666666667,3.83
NEW MEXICO,2004,18.208333333333332,8.25
NEW MEXICO,2005,18.768333333333334,6.93
NEW MEXICO,2006,18.588333333333335,9.86
NEW MEXICO,2007,18.47,6.6000000000000005
NEW MEXICO,2008,17.91,7.41
NEW MEXICO,2009,18.381666666666664,6.66
NEW MEXICO,2010,18.888333333333332,6.949999999999999
NEW MEXICO,2011,19.55666666666667,3.76
NEW MEXICO,2012,19.898333333333333,5.1
NEW MEXICO,2013,18.986666666666668,8.79
NEW MEXICO,2014,18.395,7.53
NEW MEXICO,2015,18.548333333333336,8.6
NEW MEXICO,2016,18.835,5.69
NEW MEXICO,2017,19.128333333333334,7.25
NEW MEXICO,2018,20.433333333333334,4.88
NEW MEXICO,2019,19.503333333333334,4.57
NEW MEXICO,2020,20.203333333333333,3.51
NEW MEXICO,2021,19.825,5.55
NEW MEXICO,2022,20.15,6.49
NEW MEXICO,2023,20.208333333333332,3.19
NEW MEXICO,2024,20.376666666666665,4.64
NEW MEXICO,2025,19.948333333333334,7.12
NEW YORK,2000,13.886666666666668,23.49
NEW YORK,2001,15.263333333333334,14.81
NEW YORK,2002,15.653333333333334,19.39
NEW YORK,2003,14.37,24.8
NEW YORK,2004,15.08,28.43
NEW YORK,2005,16.143333333333334,16.07
NEW YORK,2006,14.65,26.84
NEW YORK,2007,14.945,19.7
NEW YORK,2008,15.0,18.26
NEW YORK,2009,14.435,24.47
NEW YORK,2010,16.278333333333332,19.82
NEW YORK,2011,15.663333333333332,37.68
NEW YORK,2012,15.678333333333333,21.29
NEW YORK,2013,14.695,23.18
NEW YORK,2014,14.643333333333333,18.61
NEW YORK,2015,15.838333333333333,20.71
NEW YORK,2016,15.729999999999999,17.57
NEW YORK,2017,15.086666666666666,21.25
NEW YORK,2018,15.469999999999999,27.72
NEW YORK,2019,15.511666666666665,20.75
NEW YORK,2020,15.020000000000001,19.53
NEW YORK,2021,15.545,26.18
NEW YORK,2022,15.573333333333332,20.240000000000002
NEW YORK,2023,15.288333333333334,23.18
NEW YORK,2024,16.18,22.1
NEW YORK,2025,15.746666666666664,20.79
NORTH CAROLINA,2000,22.19333333333333,18.87
NORTH CAROLINA,2001,22.15833333333333,15.6
NORTH CAROLINA,2002,23.511666666666667,13.829999999999998
NORTH CAROLINA,2003,21.188333333333333,31.02
NORTH CAROLINA,2004,22.748333333333335,23.439999999999998
NORTH CAROLINA,2005,22.611666666666668,15.860000000000001
NORTH CAROLINA,2006,22.618333333333336,20.44
NORTH CAROLINA,2007,23.006666666666664,12.2
NORTH CAROLINA,2008,22.285,22.79
NORTH CAROLINA,2009,22.30666666666667,18.52
NORTH CAROLINA,2010,23.781666666666666,20.64
NORTH CAROLINA,2011,23.721666666666668,19.39
NORTH CAROLINA,2012,22.71666666666667,20.62
NORTH CAROLINA,2013,21.213333333333335,24.52
NORTH CAROLINA,2014,22.363333333333333,18.490000000000002
NORTH CAROLINA,2015,23.55,17.15
NORTH CAROLINA,2016,23.275000000000002,21.52
NORTH CAROLINA,2017,22.955,22.490000000000002
NORTH CAROLINA,2018,23.35166666666667,28.44
NORTH CAROLINA,2019,23.593333333333334,18.32
NORTH CAROLINA,2020,21.723333333333333,27.86
NORTH CAROLINA,2021,22.38,16.92
NORTH CAROLINA,2022,22.973333333333333,21.02
NORTH CAROLINA,2023,22.406666666666666,20.36
NORTH CAROLINA,2024,23.198333333333334,25.740000000000002
NORTH CAROLINA,2025,23.311666666666667,19.419999999999998
NORTH DAKOTA,2000,15.15,14.7
NORTH DAKOTA,2001,16.288333333333334,11.75
NORTH DAKOTA,2002,15.868333333333334,9.93
NORTH DAKOTA,2003,16.156666666666666,12.92
NORTH DAKOTA,2004,14.24,14.629999999999999
NORTH DAKOTA,2005,16.081666666666667,14.6
NORTH DAKOTA,2006,17.285,9.55
NORTH DAKOTA,2007,15.978333333333333,15.82
NORTH DAKOTA,2008,14.988333333333335,14.77
NORTH DAKOTA,2009,14.498333333333335,10.5
NORTH DAKOTA,2010,15.411666666666667,17.25
NORTH DAKOTA,2011,14.803333333333335,17.39
NORTH DAKOTA,2012,16.938333333333333,9.82
NORTH DAKOTA,2013,15.036666666666667,14.580000000000002
NORTH DAKOTA,2014,14.485,13.52
NORTH DAKOTA,2015,16.47,10.41
NORTH DAKOTA,2016,16.455000000000002,12.45
NORTH DAKOTA,2017,16.385,10.200000000000001
NORTH DAKOTA,2018,16.12333333333333,11.57
NORTH DAKOTA,2019,15.229999999999999,18.09
NORTH DAKOTA,2020,15.71,8.94
NORTH DAKOTA,2021,17.798333333333336,8.86
NORTH DAKOTA,2022,15.506666666666668,12.879999999999999
NORTH DAKOTA,2023,16.976666666666667,14.12
NORTH DAKOTA,2024,16.738333333333333,14.67
NORTH DAKOTA,2025,16.871666666666666,13.42
OHIO,2000,17.463333333333335,19.69
OHIO,2001,18.291666666666668,15.94
OHIO,2002,18.93166666666667,15.96
OHIO,2003,17.495,21.88
OHIO,2004,17.55333333333333,23.03
OHIO,2005,18.535,18.69
OHIO,2006,17.643333333333334,20.259999999999998
OHIO,2007,17.936666666666667,17.8
OHIO,2008,17.605,17.11
OHIO,2009,17.468333333333334,16.87
OHIO,2010,19.655,16.58
OHIO,2011,18.273333333333333,24.15
OHIO,2012,18.826666666666664,15.86
OHIO,2013,17.733333333333334,19.17
OHIO,2014,17.625,20.2
OHIO,2015,18.578333333333333,17.63
OHIO,2016,19.166666666666668,14.65
OHIO,2017,18.433333333333334,17.009999999999998
OHIO,2018,18.805,20.07
OHIO,2019,18.705000000000002,20.43
OHIO,2020,17.953333333333333,15.94
OHIO,2021,18.671666666666667,17.05
OHIO,2022,18.25,18.48
OHIO,2023,18.041666666666668,15.99
OHIO,2024,20.01,15.9
OHIO,2025,19.098333333333333,17.21
OKLAHOMA,2000,24.471666666666668,16.83
OKLAHOMA,2001,24.373333333333335,17.299999999999997
OKLAHOMA,2002,23.738333333333333,17.45
OKLAHOMA,2003,24.073333333333334,16.67
OKLAHOMA,2004,23.046666666666667,17.580000000000002
OKLAHOMA,2005,24.095,17.27
OKLAHOMA,2006,25.31833333333333,14.98
OKLAHOMA,2007,21.963333333333335,33.24
OKLAHOMA,2008,22.973333333333333,23.29
OKLAHOMA,2009,22.963333333333335,21.35
OKLAHOMA,2010,24.373333333333335,21.419999999999998
OKLAHOMA,2011,26.775000000000002,12.08
OKLAHOMA,2012,25.845,12.399999999999999
OKLAHOMA,2013,22.66,25.53
OKLAHOMA,2014,23.771666666666665,16.169999999999998
OKLAHOMA,2015,22.916666666666668,32.09
OKLAHOMA,2016,23.91,19.29
OKLAHOMA,2017,23.375,24.240000000000002
OKLAHOMA,2018,23.71666666666667,22.950000000000003
OKLAHOMA,2019,23.496666666666666,28.52
OKLAHOMA,2020,22.761666666666667,18.23
OKLAHOMA,2021,23.396666666666665,20.2
OKLAHOMA,2022,25.356666666666666,17.66
OKLAHOMA,2023,24.453333333333333,19.54
OKLAHOMA,2024,25.141666666666666,17.57
OKLAHOMA,2025,23.395,28.82
OREGON,2000,11.366666666666667,8.79
OREGON,2001,11.756666666666668,9.11
OREGON,2002,11.893333333333333,7.27
OREGON,2003,12.424999999999999,8.26
OREGON,2004,12.24,11.98
OREGON,2005,11.591666666666667,11.56
OREGON,2006,12.401666666666666,7.7700000000000005
OREGON,2007,11.626666666666665,7.66
OREGON,2008,11.183333333333335,7.569999999999999
OREGON,2009,12.433333333333332,8.87
OREGON,2010,10.604999999999999,12.93
OREGON,2011,10.368333333333334,10.88
OREGON,2012,11.656666666666666,10.65
OREGON,2013,12.141666666666666,13.29
OREGON,2014,12.631666666666668,10.57
OREGON,2015,13.056666666666667,5.48
OREGON,2016,12.51,6.76
OREGON,2017,12.770000000000001,10.11
OREGON,2018,12.843333333333334,6.51
OREGON,2019,12.174999999999999,11.33
OREGON,2020,12.563333333333333,9.89
OREGON,2021,13.688333333333333,5.22
OREGON,2022,12.458333333333334,13.2
OREGON,2023,13.165,7.96
OREGON,2024,12.811666666666667,8.04
OREGON,2025,13.241666666666667,5.79
PENNSYLVANIA,2000,17.518333333333334,18.310000000000002
PENNSYLVANIA,2001,18.471666666666668,14.22
PENNSYLVANIA,2002,19.02,16.75
PENNSYLVANIA,2003,17.02,25.979999999999997
PENNSYLVANIA,2004,17.915,30.59
PENNSYLVANIA,2005,18.853333333333335,12.93
PENNSYLVANIA,2006,17.991666666666667,20.06
PENNSYLVANIA,2007,18.25166666666667,15.889999999999999
PENNSYLVANIA,2008,17.85,20.21
PENNSYLVANIA,2009,17.391666666666666,20.62
PENNSYLVANIA,2010,19.641666666666666,18.54
PENNSYLVANIA,2011,18.671666666666667,30.61
PENNSYLVANIA,2012,18.84166666666667,19.97
PENNSYLVANIA,2013,18.128333333333334,14.96
PENNSYLVANIA,2014,17.503333333333334,19.46
PENNSYLVANIA,2015,18.985,19.310000000000002
PENNSYLVANIA,2016,19.211666666666666,14.489999999999998
PENNSYLVANIA,2017,18.393333333333334,18.93
PENNSYLVANIA,2018,18.19333333333333,33.18
PENNSYLVANIA,2019,19.05333333333333,19.03
PENNSYLVANIA,2020,18.276666666666667,14.74
PENNSYLVANIA,2021,18.793333333333333,24.47
PENNSYLVANIA,2022,18.611666666666668,19.03
PENNSYLVANIA,2023,18.451666666666664,17.85
PENNSYLVANIA,2024,19.341666666666665,23.03
PENNSYLVANIA,2025,19.195,20.39
RHODE ISLAND,2000,16.19,19.92
RHODE ISLAND,2001,17.036666666666665,16.33
RHODE ISLAND,2002,17.333333333333332,15.79
RHODE ISLAND,2003,16.125,19.11
RHODE ISLAND,2004,16.505,21.76
RHODE ISLAND,2005,16.983333333333334,14.66
RHODE ISLAND,2006,16.778333333333332,24.27
RHODE ISLAND,2007,16.7,15.3
RHODE ISLAND,2008,17.138333333333332,20.92
RHODE ISLAND,2009,16.451666666666668,22.62
RHODE ISLAND,2010,18.265,14.25
RHODE ISLAND,2011,17.53,25.33
RHODE ISLAND,2012,18.12666666666667,19.16
RHODE ISLAND,2013,17.191666666666666,18.91
RHODE ISLAND,2014,16.91,14.3
RHODE ISLAND,2015,17.68,15.11
RHODE ISLAND,2016,17.67833333333333,14.379999999999999
RHODE ISLAND,2017,16.99,20.849999999999998
RHODE ISLAND,2018,17.451666666666668,20.42
RHODE ISLAND,2019,17.246666666666666,21.7
RHODE ISLAND,2020,17.37,13.24
RHODE ISLAND,2021,17.841666666666665,23.990000000000002
RHODE ISLAND,2022,18.078333333333333,15.579999999999998
RHODE ISLAND,2023,17.73,24.64
RHODE ISLAND,2024,17.606666666666666,20.68
RHODE ISLAND,2025,17.651666666666667,17.97
SOUTH CAROLINA,2000,23.96166666666667,19.4
SOUTH CAROLINA,2001,23.863333333333333,14.57
SOUTH CAROLINA,2002,25.081666666666667,16.22
SOUTH CAROLINA,2003,22.638333333333332,26.990000000000002
SOUTH CAROLINA,2004,24.236666666666665,23.96
SOUTH CAROLINA,2005,23.558333333333334,20.77
SOUTH CAROLINA,2006,24.235,20.91
SOUTH CAROLINA,2007,24.353333333333335,14.05
SOUTH CAROLINA,2008,23.83,19.38
SOUTH CAROLINA,2009,23.751666666666665,19.04
SOUTH CAROLINA,2010,25.14833333333333,19.46
SOUTH CAROLINA,2011,25.255,17.87
SOUTH CAROLINA,2012,24.028333333333332,21.87
SOUTH CAROLINA,2013,22.308333333333334,27.3
SOUTH CAROLINA,2014,23.733333333333334,19.92
SOUTH CAROLINA,2015,24.731666666666666,18.61
SOUTH CAROLINA,2016,24.481666666666666,21.29
SOUTH CAROLINA,2017,24.326666666666668,22.689999999999998
SOUTH CAROLINA,2018,24.736666666666665,23.04
SOUTH CAROLINA,2019,25.376666666666665,16.25
SOUTH CAROLINA,2020,23.45,23.77
SOUTH CAROLINA,2021,23.541666666666668,19.85
SOUTH CAROLINA,2022,24.441666666666666,20.92
SOUTH CAROLINA,2023,23.53333333333333,24.36
SOUTH CAROLINA,2024,24.515,27.02
SOUTH CAROLINA,2025,24.498333333333335,22.25
SOUTH DAKOTA,2000,18.313333333333333,11.55
SOUTH DAKOTA,2001,18.746666666666666,13.96
SOUTH DAKOTA,2002,18.830000000000002,9.96
SOUTH DAKOTA,2003,18.401666666666667,11.8
SOUTH DAKOTA,2004,17.24833333333333,17.29
SOUTH DAKOTA,2005,18.89,15.18
SOUTH DAKOTA,2006,19.51,10.95
SOUTH DAKOTA,2007,18.386666666666667,16.81
SOUTH DAKOTA,2008,17.041666666666668,15.26
SOUTH DAKOTA,2009,16.523333333333333,12.61
SOUTH DAKOTA,2010,17.695,19.6
SOUTH DAKOTA,2011,16.92833333333333,17.08
SOUTH DAKOTA,2012,19.808333333333334,10.35
SOUTH DAKOTA,2013,17.441666666666666,14.73
SOUTH DAKOTA,2014,17.083333333333332,12.98
SOUTH DAKOTA,2015,18.573333333333334,15.71
SOUTH DAKOTA,2016,18.705,14.19
SOUTH DAKOTA,2017,18.423333333333332,12.03
SOUTH DAKOTA,2018,18.276666666666667,12.39
SOUTH DAKOTA,2019,16.593333333333334,22.82
SOUTH DAKOTA,2020,17.843333333333334,11.99
SOUTH DAKOTA,2021,19.481666666666666,10.870000000000001
SOUTH DAKOTA,2022,18.37,13.03
SOUTH DAKOTA,2023,19.255,13.97
SOUTH DAKOTA,2024,18.790000000000003,14.33
SOUTH DAKOTA,2025,18.836666666666666,15.709999999999999
TENNESSEE,2000,22.275000000000002,18.05
TENNESSEE,2001,21.67833333333333,20.27
TENNESSEE,2002,22.618333333333336,18.73
TENNESSEE,2003,21.238333333333333,27.92
TENNESSEE,2004,21.088333333333335,23.95
TENNESSEE,2005,22.261666666666667,20.18
TENNESSEE,2006,22.521666666666665,18.03
TENNESSEE,2007,23.313333333333333,12.79
TENNESSEE,2008,22.03,17.09
TENNESSEE,2009,21.246666666666666,27.64
TENNESSEE,2010,23.406666666666666,21.92
TENNESSEE,2011,22.42833333333333,26.240000000000002
TENNESSEE,2012,22.691666666666666,19.91
TENNESSEE,2013,20.965,27.35
TENNESSEE,2014,21.721666666666664,21.46
TENNESSEE,2015,22.01,22.03
TENNESSEE,2016,22.834999999999997,17.54
TENNESSEE,2017,21.905,27.3
TENNESSEE,2018,22.521666666666665,23.259999999999998
TENNESSEE,2019,23.206666666666667,21.45
TENNESSEE,2020,21.088333333333335,27.97
TENNESSEE,2021,21.156666666666666,27.7
TENNESSEE,2022,22.41,20.44
TENNESSEE,2023,21.95,19.67
TENNESSEE,2024,23.11,21.43
TENNESSEE,2025,22.808333333333334,26.17
TEXAS,2000,27.148333333333337,11.8
TEXAS,2001,25.99,13.72
TEXAS,2002,26.28333333333333,14.809999999999999
TEXAS,2003,26.166666666666668,11.42
TEXAS,2004,25.005,20.29
TEXAS,2005,26.064999999999998,11.73
TEXAS,2006,26.651666666666667,11.37
TEXAS,2007,23.808333333333334,25.79
TEXAS,2008,26.27,11.25
TEXAS,2009,26.423333333333332,15.5
TEXAS,2010,26.294999999999998,15.78
TEXAS,2011,28.973333333333333,4.34
TEXAS,2012,26.83,11.620000000000001
TEXAS,2013,26.191666666666666,14.68
TEXAS,2014,25.76833333333333,14.7
TEXAS,2015,26.325,16.24
TEXAS,2016,25.47666666666667,23.86
TEXAS,2017,26.036666666666665,16.54
TEXAS,2018,26.781666666666666,13.58
TEXAS,2019,26.498333333333335,15.28
TEXAS,2020,25.936666666666667,16.16
TEXAS,2021,25.631666666666664,16.669999999999998
TEXAS,2022,28.573333333333334,8.35
TEXAS,2023,28.30666666666667,9.87
TEXAS,2024,27.22,18.61
TEXAS,2025,26.785,20.03
UTAH,2000,18.408333333333335,5.41
UTAH,2001,18.566666666666666,4.82
UTAH,2002,18.366666666666667,5.119999999999999
UTAH,2003,18.013333333333332,6.07
UTAH,2004,17.35833333333333,4.92
UTAH,2005,16.593333333333334,7.32
UTAH,2006,17.80333333333333,6.28
UTAH,2007,18.516666666666666,5.859999999999999
UTAH,2008,16.476666666666667,5.18
UTAH,2009,16.635,9.08
UTAH,2010,16.24833333333333,7.72
UTAH,2011,15.725,10.8
UTAH,2012,18.566666666666666,5.11
UTAH,2013,17.533333333333335,8.35
UTAH,2014,17.645,8.18
UTAH,2015,17.84,8.38
UTAH,2016,18.213333333333335,5.5600000000000005
UTAH,2017,17.716666666666665,5.59
UTAH,2018,19.04,5.06
UTAH,2019,16.99,7.2700000000000005
UTAH,2020,18.779999999999998,2.4699999999999998
UTAH,2021,19.141666666666666,5.28
UTAH,2022,18.42,4.88
UTAH,2023,17.661666666666665,5.55
UTAH,2024,18.675,5.43
UTAH,2025,18.935,3.8200000000000003
VERMONT,2000,12.646666666666667,21.0
VERMONT,2001,13.61,12.77
VERMONT,2002,13.805,19.65
VERMONT,2003,13.51,20.169999999999998
VERMONT,2004,13.576666666666666,22.81
VERMONT,2005,14.331666666666669,20.23
VERMONT,2006,13.661666666666667,24.77
VERMONT,2007,13.381666666666668,17.759999999999998
VERMONT,2008,13.851666666666667,21.71
VERMONT,2009,13.136666666666668,21.13
VERMONT,2010,14.703333333333333,19.919999999999998
VERMONT,2011,14.386666666666665,29.580000000000002
VERMONT,2012,14.268333333333333,20.009999999999998
VERMONT,2013,13.808333333333332,26.080000000000002
VERMONT,2014,13.525,18.27
VERMONT,2015,14.241666666666667,20.66
VERMONT,2016,13.851666666666667,15.51
VERMONT,2017,13.956666666666665,22.8
VERMONT,2018,14.25,18.79
VERMONT,2019,13.713333333333333,21.0
VERMONT,2020,13.821666666666667,14.68
VERMONT,2021,14.661666666666667,18.6
VERMONT,2022,14.316666666666668,17.94
VERMONT,2023,14.315,24.87
VERMONT,2024,15.028333333333334,21.919999999999998
VERMONT,2025,14.333333333333334,17.42
VIRGINIA,2000,20.393333333333334,20.9
VIRGINIA,2001,20.603333333333335,15.54
VIRGINIA,2002,21.973333333333333,15.06
VIRGINIA,2003,19.68166666666667,33.51
VIRGINIA,2004,20.873333333333335,26.060000000000002
VIRGINIA,2005,21.375,13.8
VIRGINIA,2006,21.016666666666666,20.23
VIRGINIA,2007,21.346666666666668,14.25
VIRGINIA,2008,21.093333333333334,20.96
VIRGINIA,2009,20.756666666666668,20.53
VIRGINIA,2010,22.636666666666667,16.4
VIRGINIA,2011,21.728333333333335,24.89
VIRGINIA,2012,21.506666666666664,17.009999999999998
VIRGINIA,2013,20.044999999999998,22.06
VIRGINIA,2014,20.613333333333333,17.63
VIRGINIA,2015,21.419999999999998,22.45
VIRGINIA,2016,21.445000000000004,23.85
VIRGINIA,2017,21.546666666666667,20.490000000000002
VIRGINIA,2018,21.55,30.92
VIRGINIA,2019,22.518333333333334,16.89
VIRGINIA,2020,20.733333333333334,26.839999999999996
VIRGINIA,2021,21.348333333333333,18.41
VIRGINIA,2022,21.82166666666667,14.69
VIRGINIA,2023,21.330000000000002,18.11
VIRGINIA,2024,22.168333333333333,17.11
VIRGINIA,2025,21.709999999999997,20.97
WASHINGTON,2000,8.155,15.79
WASHINGTON,2001,8.195,14.1
WASHINGTON,2002,8.495,13.879999999999999
WASHINGTON,2003,9.459999999999999,9.96
WASHINGTON,2004,10.058333333333334,18.65
WASHINGTON,2005,9.203333333333333,16.86
WASHINGTON,2006,9.333333333333334,12.08
WASHINGTON,2007,8.581666666666667,12.3
WASHINGTON,2008,7.68,14.469999999999999
WASHINGTON,2009,9.188333333333334,13.39
WASHINGTON,2010,7.698333333333333,22.0
WASHINGTON,2011,7.361666666666667,18.1
WASHINGTON,2012,8.571666666666667,15.23
WASHINGTON,2013,9.381666666666666,22.08
WASHINGTON,2014,9.836666666666668,17.14
WASHINGTON,2015,10.39,8.6
WASHINGTON,2016,9.706666666666667,11.709999999999999
WASHINGTON,2017,9.826666666666666,12.89
WASHINGTON,2018,9.785,13.05
WASHINGTON,2019,9.446666666666667,13.66
WASHINGTON,2020,9.111666666666666,17.61
WASHINGTON,2021,9.815,11.63
WASHINGTON,2022,9.135,17.849999999999998
WASHINGTON,2023,9.888333333333334,12.82
WASHINGTON,2024,9.126666666666667,15.62
WASHINGTON,2025,8.549999999999999,11.39
WEST VIRGINIA,2000,19.116666666666667,24.31
WEST VIRGINIA,2001,19.385,23.130000000000003
WEST VIRGINIA,2002,20.528333333333332,20.01
WEST VIRGINIA,2003,18.636666666666667,28.93
WEST VIRGINIA,2004,19.24,27.119999999999997
WEST VIRGINIA,2005,20.001666666666665,19.52
WEST VIRGINIA,2006,19.221666666666668,23.53
WEST VIRGINIA,2007,20.486666666666668,16.96
WEST VIRGINIA,2008,19.236666666666668,21.39
WEST VIRGINIA,2009,18.74833333333333,24.77
WEST VIRGINIA,2010,20.938333333333333,21.28
WEST VIRGINIA,2011,20.14,24.13
WEST VIRGINIA,2012,20.346666666666668,18.83
WEST VIRGINIA,2013,19.421666666666667,18.65
WEST VIRGINIA,2014,19.885,15.01
WEST VIRGINIA,2015,20.419999999999998,20.77
WEST VIRGINIA,2016,20.68,19.63
WEST VIRGINIA,2017,20.245,17.39
WEST VIRGINIA,2018,20.525000000000002,25.92
WEST VIRGINIA,2019,21.381666666666664,17.09
WEST VIRGINIA,2020,19.003333333333334,23.75
WEST VIRGINIA,2021,20.035,17.4
WEST VIRGINIA,2022,19.941666666666666,23.75
WEST VIRGINIA,2023,20.015,17.790000000000003
WEST VIRGINIA,2024,21.763333333333332,15.77
WEST VIRGINIA,2025,20.81833333333333,20.54
WISCONSIN,2000,15.353333333333333,22.07
WISCONSIN,2001,16.195,20.0
WISCONSIN,2002,15.76,21.04
WISCONSIN,2003,15.268333333333333,16.68
WISCONSIN,2004,14.825000000000001,18.18
WISCONSIN,2005,17.103333333333335,14.100000000000001
WISCONSIN,2006,16.69333333333333,14.96
WISCONSIN,2007,16.743333333333336,16.21
WISCONSIN,2008,15.176666666666668,17.77
WISCONSIN,2009,14.923333333333334,15.23
WISCONSIN,2010,16.87333333333333,27.54
WISCONSIN,2011,15.166666666666666,20.67
WISCONSIN,2012,16.756666666666664,14.22
WISCONSIN,2013,14.971666666666666,18.8
WISCONSIN,2014,14.688333333333333,23.34
WISCONSIN,2015,15.770000000000001,20.77
WISCONSIN,2016,16.025000000000002,21.189999999999998
WISCONSIN,2017,15.32,21.58
WISCONSIN,2018,15.633333333333333,23.729999999999997
WISCONSIN,2019,15.128333333333332,25.47
WISCONSIN,2020,14.976666666666667,19.34
WISCONSIN,2021,16.231666666666666,21.81
WISCONSIN,2022,15.481666666666667,19.53
WISCONSIN,2023,16.156666666666666,14.440000000000001
WISCONSIN,2024,16.546666666666667,25.029999999999998
WISCONSIN,2025,15.93,20.349999999999998
WYOMING,2000,15.346666666666666,5.47
WYOMING,2001,15.998333333333333,4.0
WYOMING,2002,14.950000000000001,4.58
WYOMING,2003,15.006666666666668,6.1
WYOMING,2004,13.593333333333334,7.7
WYOMING,2005,14.51,4.23
WYOMING,2006,15.648333333333333,3.8000000000000003
WYOMING,2007,15.608333333333333,5.6
WYOMING,2008,13.378333333333332,6.859999999999999
WYOMING,2009,13.436666666666667,7.2
WYOMING,2010,13.178333333333333,7.51
WYOMING,2011,13.71,6.59
WYOMING,2012,16.535,2.46
WYOMING,2013,14.895000000000001,6.52
WYOMING,2014,13.959999999999999,5.9
WYOMING,2015,14.75,8.290000000000001
WYOMING,2016,14.716666666666667,7.24
WYOMING,2017,14.325000000000001,7.33
WYOMING,2018,15.174999999999999,6.43
WYOMING,2019,13.958333333333334,9.62
WYOMING,2020,14.775,3.83
WYOMING,2021,15.284999999999998,6.86
WYOMING,2022,14.815,7.22
WYOMING,2023,14.401666666666666,9.53
WYOMING,2024,15.511666666666665,5.26
WYOMING,2025,15.321666666666667,7.84
